loan_amount,borrower_age,monthly_income,dti_ratio,dpd,cluster,segment_name,default_probability,risk_category
3500000,21,26776695,0.23,0,1,Efficient Middle-Income,0.0993788819875776,3. Low Risk
14500000,36,26538526,0.35,0,0,Young Debt-Heavies,0.0611111111111111,3. Low Risk
15500000,38,27387829,0.31,0,1,Efficient Middle-Income,0.0993788819875776,3. Low Risk
12500000,27,3430348,0.49,0,0,Young Debt-Heavies,0.0993788819875776,3. Low Risk
19000000,35,25372319,0.47,0,0,Young Debt-Heavies,0.0611111111111111,3. Low Risk
7000000,44,1315536,0.39,0,2,Affluent High-Leverage,0.0611111111111111,3. Low Risk
4000000,33,5581899,0.51,0,0,Young Debt-Heavies,0.0611111111111111,3. Low Risk
13500000,29,17719959,0.38,0,0,Young Debt-Heavies,0.4226190476190476,2. Medium Risk
1000000,35,9466207,0.58,0,0,Young Debt-Heavies,0.5333333333333333,1. High Risk
8500000,55,19361144,0.21,0,2,Affluent High-Leverage,0.2463768115942029,3. Low Risk
18500000,44,1534678,0.46,0,2,Affluent High-Leverage,0.0611111111111111,3. Low Risk
7000000,53,19600395,0.28,8,2,Affluent High-Leverage,0.0077519379844961,3. Low Risk
12500000,36,7484333,0.24,2,1,Efficient Middle-Income,0.0993788819875776,3. Low Risk
15000000,28,11682743,0.19,0,1,Efficient Middle-Income,0.0611111111111111,3. Low Risk
14500000,49,17117636,0.38,0,2,Affluent High-Leverage,0.0993788819875776,3. Low Risk
10000000,43,24251979,0.21,0,1,Efficient Middle-Income,0.0993788819875776,3. Low Risk
10500000,51,23584397,0.2,0,1,Efficient Middle-Income,0.4226190476190476,2. Medium Risk
11000000,34,21849548,0.6,0,0,Young Debt-Heavies,0.0993788819875776,3. Low Risk
17500000,50,12198743,0.5,0,2,Affluent High-Leverage,0.0993788819875776,3. Low Risk
18500000,59,14598565,0.47,0,2,Affluent High-Leverage,0.2463768115942029,3. Low Risk
8000000,47,9738976,0.5,0,2,Affluent High-Leverage,0.0077519379844961,3. Low Risk
8500000,36,22290583,0.58,0,0,Young Debt-Heavies,0.5333333333333333,1. High Risk
8000000,26,11366513,0.39,0,0,Young Debt-Heavies,0.2463768115942029,3. Low Risk
1000000,53,21753168,0.21,0,1,Efficient Middle-Income,0.0611111111111111,3. Low Risk
2000000,38,24982667,0.53,0,0,Young Debt-Heavies,0.0611111111111111,3. Low Risk
10500000,36,13454852,0.47,0,0,Young Debt-Heavies,0.0993788819875776,3. Low Risk
19500000,32,7086645,0.31,0,0,Young Debt-Heavies,0.0611111111111111,3. Low Risk
17000000,40,27909791,0.34,0,2,Affluent High-Leverage,0.0077519379844961,3. Low Risk
15000000,49,24699537,0.31,0,2,Affluent High-Leverage,0.0993788819875776,3. Low Risk
3000000,50,6717798,0.56,0,2,Affluent High-Leverage,0.0077519379844961,3. Low Risk
8500000,46,12152651,0.27,18,3,Critical Delinquents,0.4226190476190476,2. Medium Risk
19500000,42,26768601,0.58,23,3,Critical Delinquents,0.0611111111111111,3. Low Risk
12500000,53,18422612,0.56,0,2,Affluent High-Leverage,0.0077519379844961,3. Low Risk
2500000,59,1572340,0.42,0,2,Affluent High-Leverage,0.0611111111111111,3. Low Risk
2500000,49,8784149,0.39,0,2,Affluent High-Leverage,0.0611111111111111,3. Low Risk
10000000,42,27609446,0.29,0,1,Efficient Middle-Income,0.4226190476190476,2. Medium Risk
8000000,33,14685192,0.11,0,1,Efficient Middle-Income,0.0611111111111111,3. Low Risk
18500000,29,11391356,0.16,0,1,Efficient Middle-Income,0.0611111111111111,3. Low Risk
20000000,44,14907318,0.48,0,2,Affluent High-Leverage,0.0611111111111111,3. Low Risk
4500000,35,19347037,0.34,0,1,Efficient Middle-Income,0.0993788819875776,3. Low Risk
2500000,56,16692768,0.17,0,1,Efficient Middle-Income,0.4226190476190476,2. Medium Risk
1000000,33,21470380,0.23,0,1,Efficient Middle-Income,0.0077519379844961,3. Low Risk
4500000,47,3416676,0.57,0,2,Affluent High-Leverage,0.0993788819875776,3. Low Risk
18000000,57,9823661,0.28,0,2,Affluent High-Leverage,0.2463768115942029,3. Low Risk
11000000,27,19843917,0.55,0,0,Young Debt-Heavies,0.5333333333333333,1. High Risk
11000000,28,9352362,0.25,0,1,Efficient Middle-Income,0.0611111111111111,3. Low Risk
11000000,57,25798039,0.37,0,2,Affluent High-Leverage,0.0077519379844961,3. Low Risk
17000000,34,11286579,0.11,0,1,Efficient Middle-Income,0.0077519379844961,3. Low Risk
14500000,32,20715083,0.36,0,0,Young Debt-Heavies,0.4226190476190476,2. Medium Risk
19000000,56,12990472,0.42,0,2,Affluent High-Leverage,0.0993788819875776,3. Low Risk
16500000,37,9505288,0.22,0,1,Efficient Middle-Income,0.0993788819875776,3. Low Risk
9000000,49,12656902,0.39,0,2,Affluent High-Leverage,0.0611111111111111,3. Low Risk
3500000,47,3933436,0.42,0,2,Affluent High-Leverage,0.0611111111111111,3. Low Risk
1000000,21,12296322,0.44,0,0,Young Debt-Heavies,0.0993788819875776,3. Low Risk
16500000,54,20598850,0.49,0,2,Affluent High-Leverage,0.0611111111111111,3. Low Risk
1000000,24,22523567,0.26,0,1,Efficient Middle-Income,0.0611111111111111,3. Low Risk
12000000,44,7142751,0.38,0,2,Affluent High-Leverage,0.0077519379844961,3. Low Risk
2000000,41,25450700,0.59,0,0,Young Debt-Heavies,0.0077519379844961,3. Low Risk
2000000,53,26739911,0.55,0,2,Affluent High-Leverage,0.5333333333333333,1. High Risk
9000000,27,10704257,0.58,0,0,Young Debt-Heavies,0.0611111111111111,3. Low Risk
13500000,21,6106537,0.29,0,0,Young Debt-Heavies,0.4226190476190476,2. Medium Risk
16000000,23,22729203,0.49,0,0,Young Debt-Heavies,0.5333333333333333,1. High Risk
16500000,35,24682877,0.41,0,0,Young Debt-Heavies,0.0993788819875776,3. Low Risk
14000000,51,3221112,0.14,0,1,Efficient Middle-Income,0.0611111111111111,3. Low Risk
18000000,36,13547179,0.51,0,0,Young Debt-Heavies,0.5333333333333333,1. High Risk
3000000,30,16871820,0.44,20,3,Critical Delinquents,0.4226190476190476,2. Medium Risk
8000000,49,26586509,0.2,0,1,Efficient Middle-Income,0.4226190476190476,2. Medium Risk
17000000,26,8215239,0.14,0,1,Efficient Middle-Income,0.0611111111111111,3. Low Risk
11500000,49,22666738,0.52,0,2,Affluent High-Leverage,0.0611111111111111,3. Low Risk
12000000,37,1703528,0.14,0,1,Efficient Middle-Income,0.0611111111111111,3. Low Risk
6500000,42,3170304,0.15,0,1,Efficient Middle-Income,0.303030303030303,2. Medium Risk
9000000,44,25048977,0.31,0,1,Efficient Middle-Income,0.2463768115942029,3. Low Risk
6500000,37,2810139,0.17,0,1,Efficient Middle-Income,0.0611111111111111,3. Low Risk
18500000,41,2940927,0.56,0,2,Affluent High-Leverage,0.0611111111111111,3. Low Risk
19500000,31,26887964,0.34,0,0,Young Debt-Heavies,0.0077519379844961,3. Low Risk
8500000,27,3904850,0.38,0,0,Young Debt-Heavies,0.0611111111111111,3. Low Risk
7500000,59,1755167,0.56,0,2,Affluent High-Leverage,0.0077519379844961,3. Low Risk
9000000,25,19676070,0.37,0,0,Young Debt-Heavies,0.4226190476190476,2. Medium Risk
11500000,41,11938232,0.28,0,1,Efficient Middle-Income,0.0611111111111111,3. Low Risk
15000000,38,9877615,0.5,0,0,Young Debt-Heavies,0.0611111111111111,3. Low Risk
17000000,55,752162,0.32,0,2,Affluent High-Leverage,0.2463768115942029,3. Low Risk
2000000,40,18734100,0.26,0,1,Efficient Middle-Income,0.0611111111111111,3. Low Risk
1500000,35,8336317,0.46,0,0,Young Debt-Heavies,0.4226190476190476,2. Medium Risk
3500000,25,20998252,0.5,0,0,Young Debt-Heavies,0.0611111111111111,3. Low Risk
9000000,33,6454250,0.5,0,0,Young Debt-Heavies,0.0077519379844961,3. Low Risk
3500000,32,11708738,0.59,0,0,Young Debt-Heavies,0.5333333333333333,1. High Risk
20000000,41,17598685,0.49,0,2,Affluent High-Leverage,0.0077519379844961,3. Low Risk
3000000,57,20956856,0.48,0,2,Affluent High-Leverage,0.2463768115942029,3. Low Risk
11000000,26,3801143,0.53,0,0,Young Debt-Heavies,0.0993788819875776,3. Low Risk
1000000,27,22104749,0.1,0,1,Efficient Middle-Income,0.4226190476190476,2. Medium Risk
2000000,46,21380462,0.28,0,1,Efficient Middle-Income,0.2463768115942029,3. Low Risk
14500000,28,27718041,0.47,0,0,Young Debt-Heavies,0.4226190476190476,2. Medium Risk
10500000,29,7953141,0.4,0,0,Young Debt-Heavies,0.0993788819875776,3. Low Risk
13000000,47,26827277,0.19,0,1,Efficient Middle-Income,0.0077519379844961,3. Low Risk
7000000,24,21754959,0.25,0,1,Efficient Middle-Income,0.0611111111111111,3. Low Risk
4500000,41,20649270,0.27,0,1,Efficient Middle-Income,0.0611111111111111,3. Low Risk
6000000,51,1905366,0.38,0,2,Affluent High-Leverage,0.0611111111111111,3. Low Risk
3000000,41,9407894,0.52,0,0,Young Debt-Heavies,0.0077519379844961,3. Low Risk
10000000,45,1021143,0.57,0,2,Affluent High-Leverage,0.0611111111111111,3. Low Risk
12000000,59,944648,0.48,0,2,Affluent High-Leverage,0.0611111111111111,3. Low Risk
13500000,35,16233106,0.52,0,0,Young Debt-Heavies,0.5333333333333333,1. High Risk
19000000,55,24125828,0.34,0,2,Affluent High-Leverage,0.4226190476190476,2. Medium Risk
4000000,57,21598951,0.29,0,2,Affluent High-Leverage,0.0993788819875776,3. Low Risk
1000000,48,16147744,0.3,0,1,Efficient Middle-Income,0.4226190476190476,2. Medium Risk
12000000,34,8362828,0.41,0,0,Young Debt-Heavies,0.4226190476190476,2. Medium Risk
3500000,24,1734636,0.16,0,1,Efficient Middle-Income,0.4226190476190476,2. Medium Risk
9500000,40,14714180,0.39,0,0,Young Debt-Heavies,0.0077519379844961,3. Low Risk
11000000,54,10254883,0.43,0,2,Affluent High-Leverage,0.0611111111111111,3. Low Risk
17500000,32,18778285,0.32,0,0,Young Debt-Heavies,0.0077519379844961,3. Low Risk
15000000,53,25735145,0.58,0,2,Affluent High-Leverage,0.0077519379844961,3. Low Risk
14500000,44,474837,0.4,0,2,Affluent High-Leverage,0.4226190476190476,2. Medium Risk
11000000,40,781842,0.21,24,3,Critical Delinquents,0.0993788819875776,3. Low Risk
5500000,25,9469675,0.34,0,0,Young Debt-Heavies,0.0611111111111111,3. Low Risk
10000000,58,27741855,0.44,0,2,Affluent High-Leverage,0.0611111111111111,3. Low Risk
14500000,50,10832964,0.26,0,2,Affluent High-Leverage,0.2463768115942029,3. Low Risk
17000000,44,6327842,0.14,0,1,Efficient Middle-Income,0.4226190476190476,2. Medium Risk
1000000,27,14797040,0.39,0,0,Young Debt-Heavies,0.0077519379844961,3. Low Risk
15500000,56,17217119,0.57,0,2,Affluent High-Leverage,0.0611111111111111,3. Low Risk
15000000,58,752874,0.34,0,2,Affluent High-Leverage,0.0993788819875776,3. Low Risk
9000000,36,15840577,0.55,0,0,Young Debt-Heavies,0.0611111111111111,3. Low Risk
8500000,35,5312279,0.52,0,0,Young Debt-Heavies,0.5333333333333333,1. High Risk
19000000,43,27110674,0.17,25,3,Critical Delinquents,0.0611111111111111,3. Low Risk
7000000,32,11688514,0.45,15,3,Critical Delinquents,0.0993788819875776,3. Low Risk
11500000,49,10655435,0.32,0,2,Affluent High-Leverage,0.0993788819875776,3. Low Risk
12500000,35,21176391,0.23,0,1,Efficient Middle-Income,0.0077519379844961,3. Low Risk
7500000,49,19785960,0.44,0,2,Affluent High-Leverage,0.0077519379844961,3. Low Risk
11000000,41,19014816,0.47,0,2,Affluent High-Leverage,0.0611111111111111,3. Low Risk
1500000,35,12192028,0.19,0,1,Efficient Middle-Income,0.0611111111111111,3. Low Risk
9500000,34,24434013,0.56,0,0,Young Debt-Heavies,0.0993788819875776,3. Low Risk
17000000,36,20620535,0.48,0,0,Young Debt-Heavies,0.2463768115942029,3. Low Risk
17500000,35,1949850,0.57,0,0,Young Debt-Heavies,0.5333333333333333,1. High Risk
1000000,24,13256151,0.26,0,1,Efficient Middle-Income,0.0993788819875776,3. Low Risk
10500000,47,26642994,0.57,21,3,Critical Delinquents,0.0077519379844961,3. Low Risk
14500000,43,17464641,0.28,0,1,Efficient Middle-Income,0.4226190476190476,2. Medium Risk
3000000,49,8267471,0.13,0,1,Efficient Middle-Income,0.0611111111111111,3. Low Risk
18500000,29,6439910,0.48,0,0,Young Debt-Heavies,0.0611111111111111,3. Low Risk
1000000,27,8491678,0.45,13,3,Critical Delinquents,0.0077519379844961,3. Low Risk
1000000,24,27578728,0.4,0,0,Young Debt-Heavies,0.2463768115942029,3. Low Risk
13500000,25,839939,0.34,0,0,Young Debt-Heavies,0.4226190476190476,2. Medium Risk
10500000,25,9947804,0.12,0,1,Efficient Middle-Income,0.4226190476190476,2. Medium Risk
8000000,31,23543728,0.41,0,0,Young Debt-Heavies,0.2463768115942029,3. Low Risk
20000000,48,27834323,0.31,0,2,Affluent High-Leverage,0.0993788819875776,3. Low Risk
13000000,36,12291951,0.38,0,0,Young Debt-Heavies,0.0993788819875776,3. Low Risk
8000000,50,3120993,0.31,21,3,Critical Delinquents,0.0993788819875776,3. Low Risk
14000000,24,5149585,0.58,12,0,Young Debt-Heavies,0.5333333333333333,1. High Risk
1000000,22,19482626,0.4,0,0,Young Debt-Heavies,0.0993788819875776,3. Low Risk
18000000,23,17940494,0.47,0,0,Young Debt-Heavies,0.0993788819875776,3. Low Risk
5000000,41,9464634,0.57,0,0,Young Debt-Heavies,0.0993788819875776,3. Low Risk
8500000,26,22613901,0.4,0,0,Young Debt-Heavies,0.0611111111111111,3. Low Risk
11500000,38,26846140,0.11,0,1,Efficient Middle-Income,0.303030303030303,2. Medium Risk
3500000,25,13912703,0.12,0,1,Efficient Middle-Income,0.0077519379844961,3. Low Risk
3500000,29,15810403,0.45,0,0,Young Debt-Heavies,0.0611111111111111,3. Low Risk
7500000,40,22516282,0.24,0,1,Efficient Middle-Income,0.4226190476190476,2. Medium Risk
17000000,48,25265689,0.39,0,2,Affluent High-Leverage,0.4226190476190476,2. Medium Risk
2000000,46,683990,0.2,0,1,Efficient Middle-Income,0.0611111111111111,3. Low Risk
7000000,38,18999465,0.24,0,1,Efficient Middle-Income,0.0993788819875776,3. Low Risk
7000000,39,4173813,0.35,6,0,Young Debt-Heavies,0.0993788819875776,3. Low Risk
8000000,23,13725340,0.59,0,0,Young Debt-Heavies,0.5333333333333333,1. High Risk
3500000,29,10173447,0.41,15,3,Critical Delinquents,0.0993788819875776,3. Low Risk
16000000,56,25476305,0.57,0,2,Affluent High-Leverage,0.0993788819875776,3. Low Risk
9500000,51,14259399,0.58,0,2,Affluent High-Leverage,0.0077519379844961,3. Low Risk
1000000,37,24732739,0.2,0,1,Efficient Middle-Income,0.0993788819875776,3. Low Risk
5000000,43,18691343,0.26,0,1,Efficient Middle-Income,0.0077519379844961,3. Low Risk
8500000,54,15387793,0.48,0,2,Affluent High-Leverage,0.0611111111111111,3. Low Risk
18500000,25,14035926,0.53,0,0,Young Debt-Heavies,0.0993788819875776,3. Low Risk
6000000,35,7773391,0.36,0,0,Young Debt-Heavies,0.0611111111111111,3. Low Risk
3000000,23,19865907,0.6,0,0,Young Debt-Heavies,0.5333333333333333,1. High Risk
11000000,39,22851183,0.11,0,1,Efficient Middle-Income,0.303030303030303,2. Medium Risk
16000000,48,3951670,0.25,0,2,Affluent High-Leverage,0.4226190476190476,2. Medium Risk
10000000,23,19668353,0.41,0,0,Young Debt-Heavies,0.0611111111111111,3. Low Risk
1000000,58,7324659,0.33,0,2,Affluent High-Leverage,0.2463768115942029,3. Low Risk
3000000,24,364690,0.16,0,1,Efficient Middle-Income,0.4226190476190476,2. Medium Risk
9500000,44,23932954,0.28,29,3,Critical Delinquents,0.0077519379844961,3. Low Risk
9000000,51,14072021,0.11,0,1,Efficient Middle-Income,0.0611111111111111,3. Low Risk
3000000,31,3550274,0.42,0,0,Young Debt-Heavies,0.4226190476190476,2. Medium Risk
16500000,57,5980473,0.55,0,2,Affluent High-Leverage,0.5333333333333333,1. High Risk
11500000,21,9066324,0.54,0,0,Young Debt-Heavies,0.5333333333333333,1. High Risk
11500000,29,5082059,0.45,0,0,Young Debt-Heavies,0.0077519379844961,3. Low Risk
13000000,37,26273702,0.33,0,1,Efficient Middle-Income,0.4226190476190476,2. Medium Risk
6500000,21,17769624,0.36,0,0,Young Debt-Heavies,0.0611111111111111,3. Low Risk
3500000,23,27768026,0.17,0,1,Efficient Middle-Income,0.0077519379844961,3. Low Risk
7500000,46,16574722,0.27,0,1,Efficient Middle-Income,0.0611111111111111,3. Low Risk
13500000,51,9239280,0.19,0,1,Efficient Middle-Income,0.303030303030303,2. Medium Risk
13000000,46,18113294,0.51,0,2,Affluent High-Leverage,0.5333333333333333,1. High Risk
16500000,43,4367272,0.56,0,2,Affluent High-Leverage,0.0611111111111111,3. Low Risk
7500000,50,22954798,0.37,0,2,Affluent High-Leverage,0.4226190476190476,2. Medium Risk
18000000,30,15896641,0.46,0,0,Young Debt-Heavies,0.4226190476190476,2. Medium Risk
13500000,28,1041582,0.16,0,1,Efficient Middle-Income,0.303030303030303,2. Medium Risk
2500000,45,7200859,0.4,0,2,Affluent High-Leverage,0.0077519379844961,3. Low Risk
1000000,42,17990254,0.45,0,0,Young Debt-Heavies,0.0611111111111111,3. Low Risk
16500000,35,27116335,0.33,0,1,Efficient Middle-Income,0.4226190476190476,2. Medium Risk
8000000,30,1440183,0.22,0,1,Efficient Middle-Income,0.0993788819875776,3. Low Risk
11500000,40,1836202,0.54,0,0,Young Debt-Heavies,0.0077519379844961,3. Low Risk
19000000,43,3504724,0.47,0,2,Affluent High-Leverage,0.0077519379844961,3. Low Risk
8000000,21,5503729,0.55,0,0,Young Debt-Heavies,0.0611111111111111,3. Low Risk
7000000,22,14052185,0.51,20,3,Critical Delinquents,0.0611111111111111,3. Low Risk
14500000,39,10082350,0.6,0,0,Young Debt-Heavies,0.5333333333333333,1. High Risk
13000000,34,1163580,0.2,0,1,Efficient Middle-Income,0.0611111111111111,3. Low Risk
17500000,28,16657692,0.14,0,1,Efficient Middle-Income,0.0611111111111111,3. Low Risk
7500000,58,8555365,0.27,0,2,Affluent High-Leverage,0.0993788819875776,3. Low Risk
1500000,32,27952844,0.16,25,3,Critical Delinquents,0.0611111111111111,3. Low Risk
11500000,46,4393926,0.36,0,2,Affluent High-Leverage,0.0077519379844961,3. Low Risk
14500000,47,4770494,0.42,0,2,Affluent High-Leverage,0.0077519379844961,3. Low Risk
17000000,49,2443040,0.39,0,2,Affluent High-Leverage,0.0077519379844961,3. Low Risk
16500000,35,2129602,0.23,0,1,Efficient Middle-Income,0.0077519379844961,3. Low Risk
11500000,21,4439391,0.55,0,0,Young Debt-Heavies,0.0611111111111111,3. Low Risk
3500000,48,13355325,0.11,0,1,Efficient Middle-Income,0.4226190476190476,2. Medium Risk
1500000,23,22310350,0.27,0,1,Efficient Middle-Income,0.0611111111111111,3. Low Risk
16000000,38,1607008,0.46,0,0,Young Debt-Heavies,0.4226190476190476,2. Medium Risk
15500000,54,27961061,0.48,0,2,Affluent High-Leverage,0.0611111111111111,3. Low Risk
9000000,52,6521858,0.31,0,2,Affluent High-Leverage,0.2463768115942029,3. Low Risk
3500000,49,2713629,0.11,0,1,Efficient Middle-Income,0.303030303030303,2. Medium Risk
1000000,45,17674859,0.41,0,2,Affluent High-Leverage,0.0077519379844961,3. Low Risk
7000000,46,17344703,0.13,0,1,Efficient Middle-Income,0.4226190476190476,2. Medium Risk
16000000,59,13573886,0.15,0,2,Affluent High-Leverage,0.303030303030303,2. Medium Risk
3000000,28,22292282,0.43,0,0,Young Debt-Heavies,0.0611111111111111,3. Low Risk
19500000,39,3208042,0.26,0,1,Efficient Middle-Income,0.0077519379844961,3. Low Risk
5000000,42,21557954,0.27,0,1,Efficient Middle-Income,0.0077519379844961,3. Low Risk
3500000,49,24295274,0.34,0,2,Affluent High-Leverage,0.0611111111111111,3. Low Risk
13000000,53,22694915,0.59,0,2,Affluent High-Leverage,0.5333333333333333,1. High Risk
17000000,58,14149414,0.58,0,2,Affluent High-Leverage,0.0611111111111111,3. Low Risk
15000000,55,17706168,0.31,0,2,Affluent High-Leverage,0.0077519379844961,3. Low Risk
18000000,23,13530353,0.23,0,1,Efficient Middle-Income,0.2463768115942029,3. Low Risk
10500000,39,20877848,0.25,0,1,Efficient Middle-Income,0.0077519379844961,3. Low Risk
8500000,30,4304445,0.23,0,1,Efficient Middle-Income,0.4226190476190476,2. Medium Risk
16500000,47,10030533,0.37,0,2,Affluent High-Leverage,0.4226190476190476,2. Medium Risk
5000000,35,24864997,0.4,0,0,Young Debt-Heavies,0.0611111111111111,3. Low Risk
6000000,31,1287128,0.34,0,0,Young Debt-Heavies,0.0993788819875776,3. Low Risk
8000000,46,15588348,0.3,0,1,Efficient Middle-Income,0.4226190476190476,2. Medium Risk
16000000,44,15438236,0.21,0,1,Efficient Middle-Income,0.0611111111111111,3. Low Risk
7500000,33,12708798,0.34,0,0,Young Debt-Heavies,0.0077519379844961,3. Low Risk
13500000,52,2885965,0.27,0,2,Affluent High-Leverage,0.4226190476190476,2. Medium Risk
14000000,57,4311603,0.37,0,2,Affluent High-Leverage,0.0611111111111111,3. Low Risk
8500000,24,5183936,0.44,0,0,Young Debt-Heavies,0.0611111111111111,3. Low Risk
1000000,33,27829661,0.42,20,3,Critical Delinquents,0.0993788819875776,3. Low Risk
18000000,29,25106555,0.33,20,3,Critical Delinquents,0.0077519379844961,3. Low Risk
3500000,54,17249240,0.38,0,2,Affluent High-Leverage,0.4226190476190476,2. Medium Risk
6500000,57,20185752,0.24,24,3,Critical Delinquents,0.4226190476190476,2. Medium Risk
7500000,27,4714577,0.11,0,1,Efficient Middle-Income,0.4226190476190476,2. Medium Risk
12500000,21,3078894,0.41,0,0,Young Debt-Heavies,0.0611111111111111,3. Low Risk
11500000,32,25877143,0.23,0,1,Efficient Middle-Income,0.0993788819875776,3. Low Risk
11000000,41,2738756,0.43,0,0,Young Debt-Heavies,0.2463768115942029,3. Low Risk
13000000,31,3636596,0.47,0,0,Young Debt-Heavies,0.0993788819875776,3. Low Risk
16500000,34,19374186,0.56,0,0,Young Debt-Heavies,0.5333333333333333,1. High Risk
5500000,54,19691369,0.58,0,2,Affluent High-Leverage,0.0611111111111111,3. Low Risk
5000000,54,4318917,0.11,0,1,Efficient Middle-Income,0.0611111111111111,3. Low Risk
12500000,45,18319821,0.6,0,2,Affluent High-Leverage,0.0077519379844961,3. Low Risk
18500000,24,26108653,0.44,0,0,Young Debt-Heavies,0.0077519379844961,3. Low Risk
19000000,46,8222612,0.42,0,2,Affluent High-Leverage,0.0993788819875776,3. Low Risk
12000000,36,1770414,0.11,0,1,Efficient Middle-Income,0.4226190476190476,2. Medium Risk
20000000,30,10985708,0.53,0,0,Young Debt-Heavies,0.5333333333333333,1. High Risk
16500000,22,9441695,0.17,0,1,Efficient Middle-Income,0.0077519379844961,3. Low Risk
8500000,55,9821230,0.52,0,2,Affluent High-Leverage,0.0993788819875776,3. Low Risk
12000000,39,21268454,0.11,0,1,Efficient Middle-Income,0.303030303030303,2. Medium Risk
18500000,26,1395335,0.42,0,0,Young Debt-Heavies,0.0611111111111111,3. Low Risk
1000000,39,14147992,0.32,0,1,Efficient Middle-Income,0.0077519379844961,3. Low Risk
16000000,28,16516613,0.2,0,1,Efficient Middle-Income,0.0993788819875776,3. Low Risk
12000000,34,16436284,0.15,0,1,Efficient Middle-Income,0.0611111111111111,3. Low Risk
4500000,30,27870627,0.32,0,1,Efficient Middle-Income,0.4226190476190476,2. Medium Risk
2000000,23,18183842,0.16,0,1,Efficient Middle-Income,0.0611111111111111,3. Low Risk
8500000,58,27998012,0.34,0,2,Affluent High-Leverage,0.0077519379844961,3. Low Risk
8500000,49,2310915,0.41,0,2,Affluent High-Leverage,0.0993788819875776,3. Low Risk
15000000,35,17600599,0.51,0,0,Young Debt-Heavies,0.0611111111111111,3. Low Risk
20000000,43,11971489,0.44,0,2,Affluent High-Leverage,0.2463768115942029,3. Low Risk
5500000,43,21059963,0.13,0,1,Efficient Middle-Income,0.0611111111111111,3. Low Risk
10500000,38,2665481,0.25,0,1,Efficient Middle-Income,0.0993788819875776,3. Low Risk
10500000,39,11398969,0.24,0,1,Efficient Middle-Income,0.0611111111111111,3. Low Risk
9000000,48,12310051,0.56,0,2,Affluent High-Leverage,0.0611111111111111,3. Low Risk
14500000,46,6221902,0.53,0,2,Affluent High-Leverage,0.0993788819875776,3. Low Risk
12000000,30,11862546,0.29,0,1,Efficient Middle-Income,0.0077519379844961,3. Low Risk
5000000,24,25370784,0.14,0,1,Efficient Middle-Income,0.0611111111111111,3. Low Risk
8500000,22,23543584,0.55,0,0,Young Debt-Heavies,0.5333333333333333,1. High Risk
9000000,23,7125042,0.54,11,0,Young Debt-Heavies,0.0611111111111111,3. Low Risk
10000000,27,2989880,0.53,0,0,Young Debt-Heavies,0.0611111111111111,3. Low Risk
18500000,36,22916567,0.52,0,0,Young Debt-Heavies,0.0077519379844961,3. Low Risk
9000000,51,25111997,0.34,0,2,Affluent High-Leverage,0.0611111111111111,3. Low Risk
8500000,30,5170107,0.19,0,1,Efficient Middle-Income,0.303030303030303,2. Medium Risk
4500000,39,14353815,0.34,26,3,Critical Delinquents,0.4226190476190476,2. Medium Risk
7000000,48,2762595,0.35,0,2,Affluent High-Leverage,0.0993788819875776,3. Low Risk
14500000,37,4227549,0.34,0,0,Young Debt-Heavies,0.0077519379844961,3. Low Risk
15500000,48,1346589,0.37,0,2,Affluent High-Leverage,0.4226190476190476,2. Medium Risk
2000000,39,18802583,0.23,0,1,Efficient Middle-Income,0.0993788819875776,3. Low Risk
9000000,57,14007511,0.28,0,2,Affluent High-Leverage,0.2463768115942029,3. Low Risk
10000000,43,13221997,0.32,0,1,Efficient Middle-Income,0.4226190476190476,2. Medium Risk
4500000,40,12877833,0.17,0,1,Efficient Middle-Income,0.303030303030303,2. Medium Risk
6500000,33,14415654,0.33,0,0,Young Debt-Heavies,0.0077519379844961,3. Low Risk
7500000,33,13828021,0.51,0,0,Young Debt-Heavies,0.0993788819875776,3. Low Risk
13500000,31,21384574,0.51,17,3,Critical Delinquents,0.5333333333333333,1. High Risk
7500000,35,15011301,0.31,0,1,Efficient Middle-Income,0.0077519379844961,3. Low Risk
14000000,37,23991702,0.36,0,0,Young Debt-Heavies,0.0077519379844961,3. Low Risk
18500000,48,8168144,0.12,0,1,Efficient Middle-Income,0.2463768115942029,3. Low Risk
9500000,39,906503,0.44,0,0,Young Debt-Heavies,0.4226190476190476,2. Medium Risk
13000000,24,22351105,0.3,0,0,Young Debt-Heavies,0.0077519379844961,3. Low Risk
13000000,42,8511321,0.32,0,2,Affluent High-Leverage,0.0611111111111111,3. Low Risk
12500000,42,12713244,0.54,0,2,Affluent High-Leverage,0.5333333333333333,1. High Risk
13000000,57,10982005,0.33,0,2,Affluent High-Leverage,0.0611111111111111,3. Low Risk
13000000,59,26954011,0.11,0,1,Efficient Middle-Income,0.303030303030303,2. Medium Risk
14000000,54,15863264,0.21,0,2,Affluent High-Leverage,0.0077519379844961,3. Low Risk
9000000,53,14209931,0.34,0,2,Affluent High-Leverage,0.4226190476190476,2. Medium Risk
16000000,53,20737903,0.31,0,2,Affluent High-Leverage,0.0077519379844961,3. Low Risk
1500000,32,5683471,0.53,0,0,Young Debt-Heavies,0.5333333333333333,1. High Risk
1000000,22,7926077,0.37,0,0,Young Debt-Heavies,0.0611111111111111,3. Low Risk
16500000,48,25024765,0.44,0,2,Affluent High-Leverage,0.0077519379844961,3. Low Risk
9500000,30,2329719,0.33,0,0,Young Debt-Heavies,0.4226190476190476,2. Medium Risk
8500000,42,6478018,0.32,0,1,Efficient Middle-Income,0.0993788819875776,3. Low Risk
16500000,37,15079647,0.32,0,1,Efficient Middle-Income,0.4226190476190476,2. Medium Risk
6000000,46,592931,0.31,0,1,Efficient Middle-Income,0.0993788819875776,3. Low Risk
1500000,23,9934180,0.37,0,0,Young Debt-Heavies,0.0611111111111111,3. Low Risk
13000000,27,27201699,0.23,0,1,Efficient Middle-Income,0.4226190476190476,2. Medium Risk
17500000,28,6046065,0.55,0,0,Young Debt-Heavies,0.0077519379844961,3. Low Risk
4000000,40,22649344,0.27,0,1,Efficient Middle-Income,0.4226190476190476,2. Medium Risk
18000000,32,21298310,0.17,10,1,Efficient Middle-Income,0.0611111111111111,3. Low Risk
3500000,55,17879164,0.15,0,1,Efficient Middle-Income,0.0611111111111111,3. Low Risk
18000000,37,1161026,0.11,0,1,Efficient Middle-Income,0.4226190476190476,2. Medium Risk
8000000,48,25251208,0.31,0,2,Affluent High-Leverage,0.0077519379844961,3. Low Risk
12000000,30,25137798,0.19,29,3,Critical Delinquents,0.0611111111111111,3. Low Risk
1000000,42,24127065,0.11,0,1,Efficient Middle-Income,0.303030303030303,2. Medium Risk
12500000,58,17568593,0.36,0,2,Affluent High-Leverage,0.0611111111111111,3. Low Risk
5000000,53,24134209,0.44,0,2,Affluent High-Leverage,0.4226190476190476,2. Medium Risk
8000000,42,17766908,0.14,22,3,Critical Delinquents,0.303030303030303,2. Medium Risk
8000000,57,12859019,0.33,0,2,Affluent High-Leverage,0.0077519379844961,3. Low Risk
4000000,33,5781544,0.47,26,3,Critical Delinquents,0.4226190476190476,2. Medium Risk
14500000,47,5874923,0.59,0,2,Affluent High-Leverage,0.0611111111111111,3. Low Risk
19500000,35,11680171,0.43,0,0,Young Debt-Heavies,0.0611111111111111,3. Low Risk
14000000,42,19752897,0.22,12,3,Critical Delinquents,0.0611111111111111,3. Low Risk
3000000,50,3266795,0.46,15,3,Critical Delinquents,0.0611111111111111,3. Low Risk
8000000,57,4070488,0.4,0,2,Affluent High-Leverage,0.4226190476190476,2. Medium Risk
10000000,54,6833776,0.21,0,2,Affluent High-Leverage,0.0077519379844961,3. Low Risk
8000000,54,20202629,0.53,0,2,Affluent High-Leverage,0.5333333333333333,1. High Risk
3500000,55,17145562,0.31,4,2,Affluent High-Leverage,0.0611111111111111,3. Low Risk
7000000,39,12476820,0.58,0,0,Young Debt-Heavies,0.0611111111111111,3. Low Risk
13000000,28,13286507,0.46,0,0,Young Debt-Heavies,0.0611111111111111,3. Low Risk
13000000,59,5263788,0.42,22,3,Critical Delinquents,0.0611111111111111,3. Low Risk
7000000,53,19052132,0.46,0,2,Affluent High-Leverage,0.0611111111111111,3. Low Risk
3500000,48,3631742,0.34,0,2,Affluent High-Leverage,0.0611111111111111,3. Low Risk
16500000,57,18998391,0.35,0,2,Affluent High-Leverage,0.0077519379844961,3. Low Risk
13000000,45,17937021,0.53,0,2,Affluent High-Leverage,0.0077519379844961,3. Low Risk
10000000,56,27580492,0.44,0,2,Affluent High-Leverage,0.2463768115942029,3. Low Risk
1500000,37,10627759,0.55,0,0,Young Debt-Heavies,0.5333333333333333,1. High Risk
2000000,44,16710551,0.55,0,0,Young Debt-Heavies,0.0611111111111111,3. Low Risk
13000000,41,5427749,0.59,0,0,Young Debt-Heavies,0.5333333333333333,1. High Risk
5500000,22,20261960,0.45,0,0,Young Debt-Heavies,0.0611111111111111,3. Low Risk
1000000,51,16921182,0.35,0,2,Affluent High-Leverage,0.2463768115942029,3. Low Risk
7000000,53,14491683,0.18,0,1,Efficient Middle-Income,0.0611111111111111,3. Low Risk
15000000,50,18078029,0.45,0,2,Affluent High-Leverage,0.0611111111111111,3. Low Risk
6000000,32,868562,0.25,0,1,Efficient Middle-Income,0.0993788819875776,3. Low Risk
13000000,32,11848503,0.24,0,1,Efficient Middle-Income,0.0077519379844961,3. Low Risk
16500000,44,21324268,0.22,0,1,Efficient Middle-Income,0.0611111111111111,3. Low Risk
6500000,44,10187575,0.54,0,2,Affluent High-Leverage,0.5333333333333333,1. High Risk
7000000,31,24952174,0.53,0,0,Young Debt-Heavies,0.0611111111111111,3. Low Risk
12000000,33,22893210,0.42,0,0,Young Debt-Heavies,0.4226190476190476,2. Medium Risk
17000000,47,19206548,0.34,0,2,Affluent High-Leverage,0.0611111111111111,3. Low Risk
13000000,28,5780961,0.44,0,0,Young Debt-Heavies,0.0611111111111111,3. Low Risk
10500000,30,12646678,0.4,0,0,Young Debt-Heavies,0.4226190476190476,2. Medium Risk
14000000,28,9617663,0.31,0,0,Young Debt-Heavies,0.2463768115942029,3. Low Risk
18000000,40,17286723,0.29,0,1,Efficient Middle-Income,0.0077519379844961,3. Low Risk
20000000,28,20990321,0.29,0,1,Efficient Middle-Income,0.0077519379844961,3. Low Risk
1000000,29,13142935,0.39,0,0,Young Debt-Heavies,0.0077519379844961,3. Low Risk
4500000,27,3827978,0.42,0,0,Young Debt-Heavies,0.2463768115942029,3. Low Risk
11500000,34,20977181,0.33,0,1,Efficient Middle-Income,0.0611111111111111,3. Low Risk
7500000,48,18479574,0.58,0,2,Affluent High-Leverage,0.0993788819875776,3. Low Risk
6500000,22,24523320,0.14,0,1,Efficient Middle-Income,0.0077519379844961,3. Low Risk
11500000,28,11938645,0.27,0,1,Efficient Middle-Income,0.4226190476190476,2. Medium Risk
8500000,33,12851803,0.31,0,1,Efficient Middle-Income,0.4226190476190476,2. Medium Risk
1000000,41,26004599,0.11,0,1,Efficient Middle-Income,0.4226190476190476,2. Medium Risk
10000000,48,14355356,0.28,0,2,Affluent High-Leverage,0.0611111111111111,3. Low Risk
10000000,55,17299855,0.24,20,3,Critical Delinquents,0.4226190476190476,2. Medium Risk
1500000,43,21174219,0.35,0,1,Efficient Middle-Income,0.0077519379844961,3. Low Risk
6000000,35,6139494,0.27,0,1,Efficient Middle-Income,0.0077519379844961,3. Low Risk
20000000,22,18954303,0.46,0,0,Young Debt-Heavies,0.0993788819875776,3. Low Risk
1000000,32,20643500,0.35,0,0,Young Debt-Heavies,0.0611111111111111,3. Low Risk
18000000,56,22968724,0.16,0,2,Affluent High-Leverage,0.4226190476190476,2. Medium Risk
7000000,23,16937283,0.48,0,0,Young Debt-Heavies,0.0993788819875776,3. Low Risk
8000000,25,6933349,0.15,0,1,Efficient Middle-Income,0.4226190476190476,2. Medium Risk
9500000,23,14660140,0.52,0,0,Young Debt-Heavies,0.5333333333333333,1. High Risk
17000000,39,25096728,0.57,0,0,Young Debt-Heavies,0.0611111111111111,3. Low Risk
3000000,22,13780878,0.26,0,1,Efficient Middle-Income,0.0611111111111111,3. Low Risk
6500000,57,25319913,0.56,0,2,Affluent High-Leverage,0.0993788819875776,3. Low Risk
18000000,37,16641746,0.5,0,0,Young Debt-Heavies,0.0077519379844961,3. Low Risk
11000000,34,12769678,0.56,0,0,Young Debt-Heavies,0.5333333333333333,1. High Risk
9000000,48,16603357,0.43,0,2,Affluent High-Leverage,0.0611111111111111,3. Low Risk
6000000,47,16647676,0.22,0,1,Efficient Middle-Income,0.0611111111111111,3. Low Risk
15000000,30,27124495,0.55,0,0,Young Debt-Heavies,0.0993788819875776,3. Low Risk
20000000,23,4800588,0.19,22,3,Critical Delinquents,0.0077519379844961,3. Low Risk
3500000,56,5905250,0.21,0,1,Efficient Middle-Income,0.0077519379844961,3. Low Risk
16000000,58,7390905,0.24,17,3,Critical Delinquents,0.4226190476190476,2. Medium Risk
9500000,45,22765213,0.25,0,1,Efficient Middle-Income,0.4226190476190476,2. Medium Risk
3000000,42,9600855,0.36,0,1,Efficient Middle-Income,0.4226190476190476,2. Medium Risk
10000000,59,16880597,0.46,0,2,Affluent High-Leverage,0.4226190476190476,2. Medium Risk
13500000,50,27799864,0.56,0,2,Affluent High-Leverage,0.0993788819875776,3. Low Risk
18500000,41,13085964,0.14,0,1,Efficient Middle-Income,0.0611111111111111,3. Low Risk
3500000,50,20766677,0.58,0,2,Affluent High-Leverage,0.5333333333333333,1. High Risk
2500000,48,12097933,0.56,0,2,Affluent High-Leverage,0.0611111111111111,3. Low Risk
5500000,51,11438702,0.13,0,1,Efficient Middle-Income,0.0611111111111111,3. Low Risk
7500000,46,8854709,0.28,0,1,Efficient Middle-Income,0.2463768115942029,3. Low Risk
1500000,42,1827496,0.51,0,0,Young Debt-Heavies,0.5333333333333333,1. High Risk
2500000,41,7101482,0.41,0,0,Young Debt-Heavies,0.0611111111111111,3. Low Risk
11500000,21,17770444,0.49,0,0,Young Debt-Heavies,0.5333333333333333,1. High Risk
18500000,57,23825286,0.46,2,2,Affluent High-Leverage,0.0077519379844961,3. Low Risk
4500000,33,23618322,0.35,0,0,Young Debt-Heavies,0.4226190476190476,2. Medium Risk
7500000,41,4890804,0.12,0,1,Efficient Middle-Income,0.0611111111111111,3. Low Risk
1500000,29,5955735,0.39,0,0,Young Debt-Heavies,0.0611111111111111,3. Low Risk
14500000,37,24213350,0.12,0,1,Efficient Middle-Income,0.0611111111111111,3. Low Risk
3000000,41,488633,0.4,0,0,Young Debt-Heavies,0.0077519379844961,3. Low Risk
8500000,51,12805094,0.5,29,3,Critical Delinquents,0.5333333333333333,1. High Risk
13000000,59,9808696,0.39,0,2,Affluent High-Leverage,0.0993788819875776,3. Low Risk
10500000,42,6853682,0.6,0,0,Young Debt-Heavies,0.5333333333333333,1. High Risk
4000000,32,3691195,0.33,0,0,Young Debt-Heavies,0.0611111111111111,3. Low Risk
10500000,26,3278449,0.47,0,0,Young Debt-Heavies,0.4226190476190476,2. Medium Risk
5500000,36,7569540,0.43,2,0,Young Debt-Heavies,0.0611111111111111,3. Low Risk
19000000,46,7092631,0.6,0,2,Affluent High-Leverage,0.5333333333333333,1. High Risk
4000000,25,11712585,0.46,0,0,Young Debt-Heavies,0.0077519379844961,3. Low Risk
12000000,29,26099256,0.18,0,1,Efficient Middle-Income,0.0077519379844961,3. Low Risk
17500000,34,21228069,0.58,0,0,Young Debt-Heavies,0.5333333333333333,1. High Risk
7000000,50,18280155,0.43,0,2,Affluent High-Leverage,0.0611111111111111,3. Low Risk
7000000,46,9038417,0.13,0,1,Efficient Middle-Income,0.4226190476190476,2. Medium Risk
5000000,49,27277172,0.43,0,2,Affluent High-Leverage,0.0077519379844961,3. Low Risk
6000000,39,4712979,0.54,0,0,Young Debt-Heavies,0.0611111111111111,3. Low Risk
19000000,28,22509206,0.39,0,0,Young Debt-Heavies,0.0611111111111111,3. Low Risk
17000000,43,7246286,0.28,0,2,Affluent High-Leverage,0.0611111111111111,3. Low Risk
5000000,55,18001959,0.51,19,3,Critical Delinquents,0.0611111111111111,3. Low Risk
8500000,51,14769245,0.49,0,2,Affluent High-Leverage,0.0077519379844961,3. Low Risk
8500000,55,19378332,0.37,0,2,Affluent High-Leverage,0.0993788819875776,3. Low Risk
1500000,52,17509185,0.18,0,1,Efficient Middle-Income,0.0077519379844961,3. Low Risk
15500000,25,15690420,0.23,17,3,Critical Delinquents,0.2463768115942029,3. Low Risk
1000000,36,1192243,0.47,0,0,Young Debt-Heavies,0.0993788819875776,3. Low Risk
6000000,37,10503827,0.5,0,0,Young Debt-Heavies,0.0993788819875776,3. Low Risk
19500000,52,3396867,0.24,0,2,Affluent High-Leverage,0.0611111111111111,3. Low Risk
2000000,58,2550889,0.28,0,2,Affluent High-Leverage,0.0077519379844961,3. Low Risk
6500000,52,19667404,0.14,0,1,Efficient Middle-Income,0.2463768115942029,3. Low Risk
17000000,40,25765792,0.46,14,3,Critical Delinquents,0.4226190476190476,2. Medium Risk
10500000,22,16472736,0.1,0,1,Efficient Middle-Income,0.303030303030303,2. Medium Risk
11000000,40,12636041,0.12,0,1,Efficient Middle-Income,0.4226190476190476,2. Medium Risk
2000000,38,979006,0.1,0,1,Efficient Middle-Income,0.303030303030303,2. Medium Risk
9000000,21,13248673,0.42,0,0,Young Debt-Heavies,0.0611111111111111,3. Low Risk
2500000,49,16339301,0.31,0,1,Efficient Middle-Income,0.0611111111111111,3. Low Risk
9500000,49,16475732,0.25,0,1,Efficient Middle-Income,0.0611111111111111,3. Low Risk
1000000,39,3847940,0.56,0,0,Young Debt-Heavies,0.5333333333333333,1. High Risk
6000000,26,4456586,0.2,0,1,Efficient Middle-Income,0.4226190476190476,2. Medium Risk
8500000,59,18894871,0.29,0,2,Affluent High-Leverage,0.0993788819875776,3. Low Risk
5000000,28,23130504,0.57,0,0,Young Debt-Heavies,0.5333333333333333,1. High Risk
17000000,44,14747098,0.31,0,2,Affluent High-Leverage,0.0993788819875776,3. Low Risk
3000000,40,11302578,0.38,0,0,Young Debt-Heavies,0.0611111111111111,3. Low Risk
4000000,34,6481328,0.14,0,1,Efficient Middle-Income,0.303030303030303,2. Medium Risk
5500000,25,4803430,0.5,23,3,Critical Delinquents,0.0611111111111111,3. Low Risk
6000000,54,4474736,0.31,0,2,Affluent High-Leverage,0.0611111111111111,3. Low Risk
4500000,36,11242574,0.5,10,0,Young Debt-Heavies,0.5333333333333333,1. High Risk
1000000,27,4677015,0.23,0,1,Efficient Middle-Income,0.0993788819875776,3. Low Risk
4000000,36,9783879,0.31,0,1,Efficient Middle-Income,0.0993788819875776,3. Low Risk
5500000,27,5628462,0.49,0,0,Young Debt-Heavies,0.5333333333333333,1. High Risk
18000000,47,18456030,0.59,0,2,Affluent High-Leverage,0.5333333333333333,1. High Risk
5000000,34,23073091,0.13,0,1,Efficient Middle-Income,0.2463768115942029,3. Low Risk
10500000,34,1669907,0.51,0,0,Young Debt-Heavies,0.5333333333333333,1. High Risk
10000000,53,13824357,0.25,0,2,Affluent High-Leverage,0.4226190476190476,2. Medium Risk
4000000,53,26155833,0.38,0,2,Affluent High-Leverage,0.0993788819875776,3. Low Risk
18000000,40,21939491,0.25,0,1,Efficient Middle-Income,0.0611111111111111,3. Low Risk
14500000,56,25241894,0.41,0,2,Affluent High-Leverage,0.0611111111111111,3. Low Risk
6000000,27,14778860,0.28,0,1,Efficient Middle-Income,0.0993788819875776,3. Low Risk
7000000,52,21827902,0.27,0,2,Affluent High-Leverage,0.0077519379844961,3. Low Risk
10500000,23,10342878,0.12,0,1,Efficient Middle-Income,0.4226190476190476,2. Medium Risk
11000000,59,9734333,0.17,0,2,Affluent High-Leverage,0.0611111111111111,3. Low Risk
10500000,49,24366657,0.56,0,2,Affluent High-Leverage,0.5333333333333333,1. High Risk
15000000,44,6775505,0.6,0,2,Affluent High-Leverage,0.5333333333333333,1. High Risk
19500000,42,6017935,0.49,0,2,Affluent High-Leverage,0.0077519379844961,3. Low Risk
10000000,26,18613882,0.24,0,1,Efficient Middle-Income,0.4226190476190476,2. Medium Risk
12000000,44,27396246,0.3,2,1,Efficient Middle-Income,0.0611111111111111,3. Low Risk
11500000,43,3846312,0.47,0,2,Affluent High-Leverage,0.0611111111111111,3. Low Risk
3500000,58,4425770,0.58,0,2,Affluent High-Leverage,0.5333333333333333,1. High Risk
4500000,30,8961602,0.33,1,0,Young Debt-Heavies,0.4226190476190476,2. Medium Risk
1000000,36,23068697,0.51,0,0,Young Debt-Heavies,0.5333333333333333,1. High Risk
13000000,31,20464517,0.59,0,0,Young Debt-Heavies,0.0611111111111111,3. Low Risk
19000000,52,12601829,0.54,0,2,Affluent High-Leverage,0.0611111111111111,3. Low Risk
19000000,26,20320425,0.21,0,1,Efficient Middle-Income,0.0993788819875776,3. Low Risk
11000000,44,27313772,0.1,0,1,Efficient Middle-Income,0.0611111111111111,3. Low Risk
5000000,53,27889860,0.35,0,2,Affluent High-Leverage,0.4226190476190476,2. Medium Risk
3000000,32,8526792,0.37,11,3,Critical Delinquents,0.0611111111111111,3. Low Risk
8500000,47,23346705,0.2,13,3,Critical Delinquents,0.4226190476190476,2. Medium Risk
19000000,58,7596603,0.24,0,2,Affluent High-Leverage,0.4226190476190476,2. Medium Risk
12000000,38,20756677,0.48,0,0,Young Debt-Heavies,0.0611111111111111,3. Low Risk
5000000,59,7976172,0.34,13,3,Critical Delinquents,0.0611111111111111,3. Low Risk
4000000,33,21996057,0.26,0,1,Efficient Middle-Income,0.4226190476190476,2. Medium Risk
10500000,50,4129212,0.41,0,2,Affluent High-Leverage,0.4226190476190476,2. Medium Risk
3000000,33,20326070,0.43,0,0,Young Debt-Heavies,0.0611111111111111,3. Low Risk
10500000,54,12190011,0.48,0,2,Affluent High-Leverage,0.0611111111111111,3. Low Risk
19500000,56,8751727,0.18,0,2,Affluent High-Leverage,0.0077519379844961,3. Low Risk
12000000,50,17756248,0.47,0,2,Affluent High-Leverage,0.0993788819875776,3. Low Risk
16500000,45,14085382,0.4,0,2,Affluent High-Leverage,0.2463768115942029,3. Low Risk
9000000,22,12267260,0.13,0,1,Efficient Middle-Income,0.0077519379844961,3. Low Risk
14000000,56,21740485,0.49,0,2,Affluent High-Leverage,0.5333333333333333,1. High Risk
16000000,38,18207781,0.29,0,1,Efficient Middle-Income,0.0993788819875776,3. Low Risk
6000000,25,18966355,0.27,0,1,Efficient Middle-Income,0.2463768115942029,3. Low Risk
13500000,39,12704321,0.32,0,1,Efficient Middle-Income,0.0077519379844961,3. Low Risk
5000000,38,15992712,0.27,0,1,Efficient Middle-Income,0.0077519379844961,3. Low Risk
16000000,52,7683585,0.27,0,2,Affluent High-Leverage,0.4226190476190476,2. Medium Risk
13000000,41,1927745,0.5,0,0,Young Debt-Heavies,0.0993788819875776,3. Low Risk
12500000,30,17467151,0.16,3,1,Efficient Middle-Income,0.4226190476190476,2. Medium Risk
5500000,57,22724904,0.59,0,2,Affluent High-Leverage,0.0993788819875776,3. Low Risk
11500000,42,19280674,0.38,12,3,Critical Delinquents,0.0993788819875776,3. Low Risk
17000000,33,16309465,0.19,0,1,Efficient Middle-Income,0.303030303030303,2. Medium Risk
20000000,37,20137960,0.17,0,1,Efficient Middle-Income,0.303030303030303,2. Medium Risk
11500000,29,3910258,0.4,6,0,Young Debt-Heavies,0.0611111111111111,3. Low Risk
14500000,44,14597288,0.42,0,2,Affluent High-Leverage,0.0077519379844961,3. Low Risk
15500000,34,19489862,0.13,0,1,Efficient Middle-Income,0.0611111111111111,3. Low Risk
3500000,28,22456695,0.22,0,1,Efficient Middle-Income,0.0611111111111111,3. Low Risk
20000000,57,4088413,0.5,0,2,Affluent High-Leverage,0.0993788819875776,3. Low Risk
16500000,39,5921533,0.12,0,1,Efficient Middle-Income,0.303030303030303,2. Medium Risk
10500000,48,9267665,0.53,0,2,Affluent High-Leverage,0.5333333333333333,1. High Risk
1000000,50,6580246,0.43,0,2,Affluent High-Leverage,0.0993788819875776,3. Low Risk
9000000,27,3060024,0.32,0,0,Young Debt-Heavies,0.0993788819875776,3. Low Risk
16500000,46,10082693,0.27,0,2,Affluent High-Leverage,0.0993788819875776,3. Low Risk
18500000,31,17426545,0.11,0,1,Efficient Middle-Income,0.4226190476190476,2. Medium Risk
17000000,34,2043722,0.51,0,0,Young Debt-Heavies,0.5333333333333333,1. High Risk
10000000,41,10530081,0.17,0,1,Efficient Middle-Income,0.0611111111111111,3. Low Risk
17500000,28,3877564,0.25,0,1,Efficient Middle-Income,0.4226190476190476,2. Medium Risk
9000000,23,3502317,0.38,0,0,Young Debt-Heavies,0.2463768115942029,3. Low Risk
12000000,48,5844906,0.22,0,1,Efficient Middle-Income,0.2463768115942029,3. Low Risk
4000000,49,17045392,0.35,8,2,Affluent High-Leverage,0.4226190476190476,2. Medium Risk
15000000,43,27780370,0.5,0,2,Affluent High-Leverage,0.0611111111111111,3. Low Risk
5000000,38,5184828,0.34,0,1,Efficient Middle-Income,0.4226190476190476,2. Medium Risk
11500000,55,21726260,0.57,0,2,Affluent High-Leverage,0.5333333333333333,1. High Risk
5500000,33,27347577,0.52,0,0,Young Debt-Heavies,0.5333333333333333,1. High Risk
1000000,32,26118819,0.27,0,1,Efficient Middle-Income,0.0611111111111111,3. Low Risk
13000000,25,4491967,0.3,0,0,Young Debt-Heavies,0.0611111111111111,3. Low Risk
18000000,59,12907650,0.31,0,2,Affluent High-Leverage,0.0993788819875776,3. Low Risk
16500000,31,1701981,0.41,0,0,Young Debt-Heavies,0.0993788819875776,3. Low Risk
6500000,31,8456363,0.24,0,1,Efficient Middle-Income,0.0077519379844961,3. Low Risk
20000000,51,17772413,0.58,0,2,Affluent High-Leverage,0.5333333333333333,1. High Risk
12500000,51,6964735,0.4,0,2,Affluent High-Leverage,0.4226190476190476,2. Medium Risk
2000000,33,8675983,0.3,0,1,Efficient Middle-Income,0.0611111111111111,3. Low Risk
9500000,34,15595732,0.42,0,0,Young Debt-Heavies,0.0077519379844961,3. Low Risk
9000000,45,10646705,0.3,0,1,Efficient Middle-Income,0.0077519379844961,3. Low Risk
18500000,53,3063465,0.51,0,2,Affluent High-Leverage,0.0611111111111111,3. Low Risk
15000000,53,12576527,0.38,0,2,Affluent High-Leverage,0.0611111111111111,3. Low Risk
9500000,35,25723245,0.12,0,1,Efficient Middle-Income,0.2463768115942029,3. Low Risk
11500000,36,20167127,0.19,0,1,Efficient Middle-Income,0.2463768115942029,3. Low Risk
8000000,58,1630073,0.53,0,2,Affluent High-Leverage,0.0611111111111111,3. Low Risk
1000000,26,27236280,0.38,0,0,Young Debt-Heavies,0.0077519379844961,3. Low Risk
6000000,45,20682701,0.58,0,2,Affluent High-Leverage,0.5333333333333333,1. High Risk
12000000,35,22291796,0.14,0,1,Efficient Middle-Income,0.4226190476190476,2. Medium Risk
17000000,24,21204798,0.25,0,1,Efficient Middle-Income,0.2463768115942029,3. Low Risk
4000000,24,2478549,0.2,0,1,Efficient Middle-Income,0.0077519379844961,3. Low Risk
9000000,50,3297669,0.38,0,2,Affluent High-Leverage,0.0611111111111111,3. Low Risk
2500000,54,24255969,0.29,0,2,Affluent High-Leverage,0.0611111111111111,3. Low Risk
13000000,47,8519420,0.18,0,1,Efficient Middle-Income,0.0611111111111111,3. Low Risk
15000000,51,1841137,0.42,0,2,Affluent High-Leverage,0.4226190476190476,2. Medium Risk
6500000,52,614132,0.37,0,2,Affluent High-Leverage,0.4226190476190476,2. Medium Risk
9500000,59,14127283,0.24,0,2,Affluent High-Leverage,0.4226190476190476,2. Medium Risk
14500000,29,15575152,0.34,12,3,Critical Delinquents,0.0077519379844961,3. Low Risk
1500000,28,19119403,0.47,0,0,Young Debt-Heavies,0.0077519379844961,3. Low Risk
13000000,34,5837533,0.2,0,1,Efficient Middle-Income,0.4226190476190476,2. Medium Risk
20000000,53,21133705,0.25,0,2,Affluent High-Leverage,0.2463768115942029,3. Low Risk
6000000,43,25449550,0.27,0,1,Efficient Middle-Income,0.0993788819875776,3. Low Risk
1000000,41,22933668,0.47,0,0,Young Debt-Heavies,0.2463768115942029,3. Low Risk
5500000,32,2478572,0.52,0,0,Young Debt-Heavies,0.0611111111111111,3. Low Risk
14000000,22,6045593,0.29,0,0,Young Debt-Heavies,0.0611111111111111,3. Low Risk
9000000,33,6013594,0.25,0,1,Efficient Middle-Income,0.0611111111111111,3. Low Risk
6500000,24,7446171,0.54,0,0,Young Debt-Heavies,0.5333333333333333,1. High Risk
18500000,40,9971425,0.6,0,0,Young Debt-Heavies,0.5333333333333333,1. High Risk
11000000,34,18104078,0.44,0,0,Young Debt-Heavies,0.2463768115942029,3. Low Risk
6000000,50,12589153,0.59,0,2,Affluent High-Leverage,0.0993788819875776,3. Low Risk
1000000,49,19237336,0.43,0,2,Affluent High-Leverage,0.0611111111111111,3. Low Risk
18500000,28,17874367,0.47,0,0,Young Debt-Heavies,0.0993788819875776,3. Low Risk
3500000,32,25172828,0.29,0,1,Efficient Middle-Income,0.2463768115942029,3. Low Risk
13000000,58,21684099,0.32,28,3,Critical Delinquents,0.0611111111111111,3. Low Risk
13000000,46,18248158,0.17,0,1,Efficient Middle-Income,0.0611111111111111,3. Low Risk
12000000,22,12401362,0.51,0,0,Young Debt-Heavies,0.0993788819875776,3. Low Risk
6000000,34,13971586,0.57,0,0,Young Debt-Heavies,0.0611111111111111,3. Low Risk
8000000,26,26646824,0.41,0,0,Young Debt-Heavies,0.0611111111111111,3. Low Risk
11500000,51,4085688,0.27,0,2,Affluent High-Leverage,0.0611111111111111,3. Low Risk
20000000,37,14268876,0.18,0,1,Efficient Middle-Income,0.0611111111111111,3. Low Risk
4500000,45,2049189,0.23,0,1,Efficient Middle-Income,0.4226190476190476,2. Medium Risk
16000000,52,6420645,0.23,0,2,Affluent High-Leverage,0.0611111111111111,3. Low Risk
7500000,32,5705229,0.41,0,0,Young Debt-Heavies,0.0077519379844961,3. Low Risk
18500000,33,5106561,0.57,0,0,Young Debt-Heavies,0.0611111111111111,3. Low Risk
6500000,39,15632096,0.12,0,1,Efficient Middle-Income,0.0077519379844961,3. Low Risk
2500000,45,13037198,0.1,0,1,Efficient Middle-Income,0.303030303030303,2. Medium Risk
5500000,51,5493219,0.4,0,2,Affluent High-Leverage,0.0611111111111111,3. Low Risk
5000000,57,20334972,0.24,0,2,Affluent High-Leverage,0.0611111111111111,3. Low Risk
6500000,45,23178949,0.54,0,2,Affluent High-Leverage,0.0077519379844961,3. Low Risk
7500000,36,5450262,0.26,0,1,Efficient Middle-Income,0.2463768115942029,3. Low Risk
3500000,58,9660634,0.24,0,2,Affluent High-Leverage,0.0993788819875776,3. Low Risk
20000000,43,16593120,0.23,0,1,Efficient Middle-Income,0.4226190476190476,2. Medium Risk
14000000,34,18611276,0.17,0,1,Efficient Middle-Income,0.0611111111111111,3. Low Risk
16000000,26,15931370,0.39,0,0,Young Debt-Heavies,0.0611111111111111,3. Low Risk
17500000,45,942599,0.18,0,1,Efficient Middle-Income,0.4226190476190476,2. Medium Risk
7500000,43,9653514,0.31,5,1,Efficient Middle-Income,0.0077519379844961,3. Low Risk
18000000,32,26498938,0.33,17,3,Critical Delinquents,0.0611111111111111,3. Low Risk
10500000,33,7233525,0.11,0,1,Efficient Middle-Income,0.2463768115942029,3. Low Risk
3000000,56,22917911,0.11,0,1,Efficient Middle-Income,0.0611111111111111,3. Low Risk
1000000,59,21884989,0.36,0,2,Affluent High-Leverage,0.0993788819875776,3. Low Risk
2000000,54,3378658,0.45,0,2,Affluent High-Leverage,0.0611111111111111,3. Low Risk
5500000,26,10379691,0.57,0,0,Young Debt-Heavies,0.0077519379844961,3. Low Risk
13000000,58,11752724,0.19,0,2,Affluent High-Leverage,0.0611111111111111,3. Low Risk
18500000,28,15136847,0.15,0,1,Efficient Middle-Income,0.0611111111111111,3. Low Risk
11500000,28,8887162,0.13,0,1,Efficient Middle-Income,0.4226190476190476,2. Medium Risk
14500000,53,516300,0.32,0,2,Affluent High-Leverage,0.0611111111111111,3. Low Risk
10500000,54,4090281,0.41,0,2,Affluent High-Leverage,0.0077519379844961,3. Low Risk
13500000,35,18212918,0.52,0,0,Young Debt-Heavies,0.0611111111111111,3. Low Risk
19500000,56,25261225,0.44,0,2,Affluent High-Leverage,0.4226190476190476,2. Medium Risk
20000000,55,3537842,0.2,0,2,Affluent High-Leverage,0.0077519379844961,3. Low Risk
6500000,42,21514942,0.33,0,1,Efficient Middle-Income,0.0077519379844961,3. Low Risk
11500000,43,9438769,0.56,0,2,Affluent High-Leverage,0.5333333333333333,1. High Risk
8000000,42,15817386,0.26,0,1,Efficient Middle-Income,0.0077519379844961,3. Low Risk
15000000,25,17235500,0.35,0,0,Young Debt-Heavies,0.0611111111111111,3. Low Risk
2000000,51,18357261,0.58,0,2,Affluent High-Leverage,0.0993788819875776,3. Low Risk
20000000,33,12790580,0.47,0,0,Young Debt-Heavies,0.0611111111111111,3. Low Risk
8000000,48,6527505,0.47,0,2,Affluent High-Leverage,0.0993788819875776,3. Low Risk
15500000,40,1527866,0.23,0,1,Efficient Middle-Income,0.0993788819875776,3. Low Risk
12500000,53,26885135,0.31,0,2,Affluent High-Leverage,0.0077519379844961,3. Low Risk
6000000,36,26115353,0.14,0,1,Efficient Middle-Income,0.0611111111111111,3. Low Risk
13000000,49,11643914,0.4,0,2,Affluent High-Leverage,0.0993788819875776,3. Low Risk
18500000,43,24636863,0.15,0,1,Efficient Middle-Income,0.4226190476190476,2. Medium Risk
16500000,44,4835448,0.52,0,2,Affluent High-Leverage,0.0993788819875776,3. Low Risk
14000000,54,16924047,0.51,0,2,Affluent High-Leverage,0.0611111111111111,3. Low Risk
4500000,27,6135089,0.37,0,0,Young Debt-Heavies,0.4226190476190476,2. Medium Risk
6000000,58,498686,0.17,0,1,Efficient Middle-Income,0.0611111111111111,3. Low Risk
2500000,57,6296429,0.11,0,1,Efficient Middle-Income,0.0077519379844961,3. Low Risk
14000000,24,26044713,0.5,0,0,Young Debt-Heavies,0.5333333333333333,1. High Risk
17500000,54,2003196,0.4,0,2,Affluent High-Leverage,0.0611111111111111,3. Low Risk
2500000,42,10159582,0.46,0,0,Young Debt-Heavies,0.0077519379844961,3. Low Risk
17000000,25,5258207,0.25,6,1,Efficient Middle-Income,0.0077519379844961,3. Low Risk
17000000,43,21197962,0.35,0,2,Affluent High-Leverage,0.0077519379844961,3. Low Risk
6500000,35,12332164,0.47,0,0,Young Debt-Heavies,0.0611111111111111,3. Low Risk
19500000,51,17074030,0.33,0,2,Affluent High-Leverage,0.0077519379844961,3. Low Risk
7000000,29,23786820,0.4,0,0,Young Debt-Heavies,0.0611111111111111,3. Low Risk
5500000,45,23116956,0.49,0,2,Affluent High-Leverage,0.5333333333333333,1. High Risk
19000000,45,3367948,0.21,0,1,Efficient Middle-Income,0.0611111111111111,3. Low Risk
2000000,41,26451838,0.13,0,1,Efficient Middle-Income,0.0611111111111111,3. Low Risk
16500000,29,15307208,0.37,0,0,Young Debt-Heavies,0.0077519379844961,3. Low Risk
3500000,58,24584687,0.13,0,1,Efficient Middle-Income,0.0611111111111111,3. Low Risk
4000000,42,5819571,0.48,18,3,Critical Delinquents,0.4226190476190476,2. Medium Risk
18500000,43,9018135,0.46,0,2,Affluent High-Leverage,0.0993788819875776,3. Low Risk
5000000,24,26694257,0.54,0,0,Young Debt-Heavies,0.0993788819875776,3. Low Risk
7500000,49,16630838,0.42,0,2,Affluent High-Leverage,0.0993788819875776,3. Low Risk
19000000,35,16760028,0.13,0,1,Efficient Middle-Income,0.0611111111111111,3. Low Risk
7500000,21,1147713,0.23,0,1,Efficient Middle-Income,0.0611111111111111,3. Low Risk
2500000,50,26927382,0.5,0,2,Affluent High-Leverage,0.5333333333333333,1. High Risk
14500000,49,16162844,0.18,0,1,Efficient Middle-Income,0.303030303030303,2. Medium Risk
9500000,40,1445731,0.45,0,0,Young Debt-Heavies,0.2463768115942029,3. Low Risk
5000000,53,14912910,0.49,0,2,Affluent High-Leverage,0.0993788819875776,3. Low Risk
6000000,56,4849761,0.27,10,2,Affluent High-Leverage,0.0611111111111111,3. Low Risk
2000000,42,4524586,0.26,0,1,Efficient Middle-Income,0.2463768115942029,3. Low Risk
15500000,33,20777897,0.38,0,0,Young Debt-Heavies,0.2463768115942029,3. Low Risk
9000000,27,21043821,0.53,0,0,Young Debt-Heavies,0.5333333333333333,1. High Risk
8000000,28,24191100,0.21,0,1,Efficient Middle-Income,0.0611111111111111,3. Low Risk
20000000,48,8575152,0.57,0,2,Affluent High-Leverage,0.0611111111111111,3. Low Risk
18000000,29,21827505,0.4,0,0,Young Debt-Heavies,0.0993788819875776,3. Low Risk
12500000,45,14117003,0.6,0,2,Affluent High-Leverage,0.0993788819875776,3. Low Risk
11500000,36,20685410,0.14,0,1,Efficient Middle-Income,0.0611111111111111,3. Low Risk
6000000,30,1155408,0.16,0,1,Efficient Middle-Income,0.0077519379844961,3. Low Risk
17000000,31,3587133,0.51,9,0,Young Debt-Heavies,0.5333333333333333,1. High Risk
18000000,51,4060760,0.53,0,2,Affluent High-Leverage,0.0993788819875776,3. Low Risk
18500000,32,10714421,0.32,10,3,Critical Delinquents,0.2463768115942029,3. Low Risk
1500000,51,7155217,0.46,0,2,Affluent High-Leverage,0.0611111111111111,3. Low Risk
4500000,34,3097620,0.53,0,0,Young Debt-Heavies,0.5333333333333333,1. High Risk
9000000,52,25007251,0.12,0,1,Efficient Middle-Income,0.303030303030303,2. Medium Risk
17500000,37,2678978,0.39,17,3,Critical Delinquents,0.0993788819875776,3. Low Risk
17000000,55,3736584,0.53,0,2,Affluent High-Leverage,0.5333333333333333,1. High Risk
7000000,21,13683619,0.3,0,0,Young Debt-Heavies,0.4226190476190476,2. Medium Risk
2000000,49,9245245,0.25,0,1,Efficient Middle-Income,0.2463768115942029,3. Low Risk
14500000,24,6356676,0.5,0,0,Young Debt-Heavies,0.5333333333333333,1. High Risk
7500000,43,9757626,0.27,0,1,Efficient Middle-Income,0.0611111111111111,3. Low Risk
14000000,48,12198996,0.1,0,1,Efficient Middle-Income,0.0611111111111111,3. Low Risk
8000000,36,26191546,0.58,0,0,Young Debt-Heavies,0.0611111111111111,3. Low Risk
6000000,32,22411700,0.4,0,0,Young Debt-Heavies,0.0611111111111111,3. Low Risk
2500000,41,5039714,0.51,0,0,Young Debt-Heavies,0.0077519379844961,3. Low Risk
17000000,37,16070529,0.51,0,0,Young Debt-Heavies,0.5333333333333333,1. High Risk
1000000,33,10519101,0.13,0,1,Efficient Middle-Income,0.4226190476190476,2. Medium Risk
19500000,52,13738315,0.19,0,2,Affluent High-Leverage,0.0077519379844961,3. Low Risk
16000000,57,8251871,0.26,0,2,Affluent High-Leverage,0.0611111111111111,3. Low Risk
13000000,35,995561,0.26,0,1,Efficient Middle-Income,0.4226190476190476,2. Medium Risk
8500000,32,12108566,0.43,0,0,Young Debt-Heavies,0.2463768115942029,3. Low Risk
13500000,35,23641811,0.41,0,0,Young Debt-Heavies,0.0993788819875776,3. Low Risk
12000000,54,27184645,0.35,0,2,Affluent High-Leverage,0.0611111111111111,3. Low Risk
17500000,26,5669762,0.21,0,1,Efficient Middle-Income,0.0077519379844961,3. Low Risk
19500000,37,3750553,0.29,0,1,Efficient Middle-Income,0.4226190476190476,2. Medium Risk
13000000,40,23507654,0.37,0,2,Affluent High-Leverage,0.0611111111111111,3. Low Risk
19000000,29,2481022,0.33,0,0,Young Debt-Heavies,0.4226190476190476,2. Medium Risk
11500000,25,12786164,0.16,0,1,Efficient Middle-Income,0.0611111111111111,3. Low Risk
11000000,43,2647480,0.42,22,3,Critical Delinquents,0.0993788819875776,3. Low Risk
2000000,53,19016427,0.14,0,1,Efficient Middle-Income,0.0611111111111111,3. Low Risk
4500000,58,2593376,0.29,0,2,Affluent High-Leverage,0.0611111111111111,3. Low Risk
2000000,34,1959925,0.46,0,0,Young Debt-Heavies,0.0993788819875776,3. Low Risk
3500000,37,21891043,0.11,0,1,Efficient Middle-Income,0.303030303030303,2. Medium Risk
11500000,39,6404202,0.38,0,0,Young Debt-Heavies,0.0611111111111111,3. Low Risk
1000000,53,22971457,0.27,0,1,Efficient Middle-Income,0.0993788819875776,3. Low Risk
12000000,21,6427713,0.1,0,1,Efficient Middle-Income,0.0077519379844961,3. Low Risk
20000000,33,18698297,0.2,0,1,Efficient Middle-Income,0.2463768115942029,3. Low Risk
15500000,47,27910471,0.57,0,2,Affluent High-Leverage,0.0077519379844961,3. Low Risk
15500000,26,5351477,0.36,0,0,Young Debt-Heavies,0.0611111111111111,3. Low Risk
20000000,26,1577962,0.6,0,0,Young Debt-Heavies,0.5333333333333333,1. High Risk
17000000,53,10037736,0.36,0,2,Affluent High-Leverage,0.0993788819875776,3. Low Risk
12000000,50,6147071,0.37,0,2,Affluent High-Leverage,0.0611111111111111,3. Low Risk
13000000,55,27290968,0.3,28,3,Critical Delinquents,0.0611111111111111,3. Low Risk
8000000,43,444042,0.26,0,1,Efficient Middle-Income,0.0611111111111111,3. Low Risk
6500000,30,5299317,0.23,0,1,Efficient Middle-Income,0.4226190476190476,2. Medium Risk
7500000,39,15673642,0.27,0,1,Efficient Middle-Income,0.0611111111111111,3. Low Risk
13500000,48,12052980,0.33,0,2,Affluent High-Leverage,0.0993788819875776,3. Low Risk
2000000,43,12366233,0.2,0,1,Efficient Middle-Income,0.0611111111111111,3. Low Risk
8000000,24,7012789,0.21,0,1,Efficient Middle-Income,0.4226190476190476,2. Medium Risk
15000000,40,21942076,0.24,0,1,Efficient Middle-Income,0.4226190476190476,2. Medium Risk
15000000,39,16620033,0.32,0,1,Efficient Middle-Income,0.0077519379844961,3. Low Risk
18000000,47,22426730,0.43,0,2,Affluent High-Leverage,0.0611111111111111,3. Low Risk
1500000,54,8056602,0.53,0,2,Affluent High-Leverage,0.0611111111111111,3. Low Risk
11000000,24,19145359,0.24,0,1,Efficient Middle-Income,0.0611111111111111,3. Low Risk
11000000,58,5985035,0.19,0,2,Affluent High-Leverage,0.4226190476190476,2. Medium Risk
6000000,27,22375322,0.29,0,1,Efficient Middle-Income,0.0993788819875776,3. Low Risk
10500000,27,3508050,0.55,0,0,Young Debt-Heavies,0.0611111111111111,3. Low Risk
2000000,46,10678120,0.1,0,1,Efficient Middle-Income,0.4226190476190476,2. Medium Risk
15500000,46,19007439,0.44,3,2,Affluent High-Leverage,0.0077519379844961,3. Low Risk
15500000,39,15951446,0.34,0,2,Affluent High-Leverage,0.0993788819875776,3. Low Risk
11500000,29,19118574,0.18,0,1,Efficient Middle-Income,0.4226190476190476,2. Medium Risk
10000000,40,17805788,0.26,0,1,Efficient Middle-Income,0.0611111111111111,3. Low Risk
7500000,36,27694811,0.21,0,1,Efficient Middle-Income,0.0077519379844961,3. Low Risk
11500000,37,20514971,0.54,0,0,Young Debt-Heavies,0.0993788819875776,3. Low Risk
14000000,42,410079,0.34,0,2,Affluent High-Leverage,0.0077519379844961,3. Low Risk
8000000,33,13992434,0.38,0,0,Young Debt-Heavies,0.0611111111111111,3. Low Risk
18500000,32,23393282,0.4,0,0,Young Debt-Heavies,0.0993788819875776,3. Low Risk
10500000,30,10461284,0.42,0,0,Young Debt-Heavies,0.4226190476190476,2. Medium Risk
7500000,21,9622773,0.35,0,0,Young Debt-Heavies,0.0611111111111111,3. Low Risk
8500000,52,3489981,0.11,0,1,Efficient Middle-Income,0.303030303030303,2. Medium Risk
18500000,50,21387831,0.27,0,2,Affluent High-Leverage,0.0611111111111111,3. Low Risk
6500000,28,11642005,0.19,0,1,Efficient Middle-Income,0.2463768115942029,3. Low Risk
9500000,41,18096051,0.44,0,0,Young Debt-Heavies,0.0611111111111111,3. Low Risk
15000000,42,24350808,0.13,0,1,Efficient Middle-Income,0.4226190476190476,2. Medium Risk
9000000,38,24764757,0.38,0,0,Young Debt-Heavies,0.2463768115942029,3. Low Risk
7000000,22,4074609,0.21,0,1,Efficient Middle-Income,0.4226190476190476,2. Medium Risk
18000000,29,1291940,0.57,0,0,Young Debt-Heavies,0.5333333333333333,1. High Risk
18000000,23,1535061,0.27,0,0,Young Debt-Heavies,0.0993788819875776,3. Low Risk
10000000,46,2660985,0.26,0,1,Efficient Middle-Income,0.0077519379844961,3. Low Risk
9500000,41,1584880,0.56,0,0,Young Debt-Heavies,0.0077519379844961,3. Low Risk
3500000,50,26865441,0.31,0,2,Affluent High-Leverage,0.4226190476190476,2. Medium Risk
2000000,48,18167796,0.58,0,2,Affluent High-Leverage,0.0993788819875776,3. Low Risk
17000000,56,10779929,0.11,6,1,Efficient Middle-Income,0.0611111111111111,3. Low Risk
1000000,46,8091757,0.25,0,1,Efficient Middle-Income,0.4226190476190476,2. Medium Risk
2500000,54,18151356,0.43,0,2,Affluent High-Leverage,0.0611111111111111,3. Low Risk
5000000,28,27119243,0.55,0,0,Young Debt-Heavies,0.0611111111111111,3. Low Risk
16000000,30,14376366,0.23,0,1,Efficient Middle-Income,0.0611111111111111,3. Low Risk
6500000,34,24572363,0.57,0,0,Young Debt-Heavies,0.5333333333333333,1. High Risk
19500000,35,18004864,0.4,0,0,Young Debt-Heavies,0.4226190476190476,2. Medium Risk
2500000,37,17292691,0.5,5,0,Young Debt-Heavies,0.0611111111111111,3. Low Risk
5000000,38,19509877,0.3,0,1,Efficient Middle-Income,0.0611111111111111,3. Low Risk
5000000,52,6311300,0.21,0,1,Efficient Middle-Income,0.0077519379844961,3. Low Risk
19000000,58,13280689,0.56,0,2,Affluent High-Leverage,0.0077519379844961,3. Low Risk
13500000,43,13864089,0.57,0,2,Affluent High-Leverage,0.5333333333333333,1. High Risk
10500000,43,24517719,0.35,0,2,Affluent High-Leverage,0.4226190476190476,2. Medium Risk
4000000,55,7038828,0.1,0,1,Efficient Middle-Income,0.0611111111111111,3. Low Risk
1000000,59,12452911,0.15,0,1,Efficient Middle-Income,0.4226190476190476,2. Medium Risk
14000000,35,23800533,0.39,0,0,Young Debt-Heavies,0.0611111111111111,3. Low Risk
19500000,44,22844897,0.11,0,1,Efficient Middle-Income,0.4226190476190476,2. Medium Risk
7000000,48,4123491,0.3,0,2,Affluent High-Leverage,0.0611111111111111,3. Low Risk
10500000,36,3427007,0.25,0,1,Efficient Middle-Income,0.0993788819875776,3. Low Risk
15000000,36,387151,0.46,0,0,Young Debt-Heavies,0.0993788819875776,3. Low Risk
10500000,59,6171552,0.13,0,1,Efficient Middle-Income,0.0611111111111111,3. Low Risk
4500000,26,21670529,0.34,0,0,Young Debt-Heavies,0.0611111111111111,3. Low Risk
8500000,22,25575671,0.39,0,0,Young Debt-Heavies,0.0611111111111111,3. Low Risk
2500000,33,3176611,0.41,0,0,Young Debt-Heavies,0.4226190476190476,2. Medium Risk
15500000,29,19423179,0.3,0,1,Efficient Middle-Income,0.0077519379844961,3. Low Risk
20000000,54,24243059,0.25,0,2,Affluent High-Leverage,0.0077519379844961,3. Low Risk
19000000,37,11749554,0.44,0,0,Young Debt-Heavies,0.0611111111111111,3. Low Risk
9500000,47,25996394,0.52,0,2,Affluent High-Leverage,0.0993788819875776,3. Low Risk
18000000,49,26479270,0.45,0,2,Affluent High-Leverage,0.0993788819875776,3. Low Risk
16500000,57,4220755,0.57,0,2,Affluent High-Leverage,0.0993788819875776,3. Low Risk
6500000,42,4954663,0.46,0,0,Young Debt-Heavies,0.0993788819875776,3. Low Risk
7000000,44,7570469,0.48,0,2,Affluent High-Leverage,0.0993788819875776,3. Low Risk
16500000,27,12221260,0.18,0,1,Efficient Middle-Income,0.0611111111111111,3. Low Risk
14500000,54,17806317,0.31,23,3,Critical Delinquents,0.0611111111111111,3. Low Risk
18000000,32,13437561,0.34,0,0,Young Debt-Heavies,0.0611111111111111,3. Low Risk
5000000,43,436919,0.23,0,1,Efficient Middle-Income,0.2463768115942029,3. Low Risk
15500000,35,9990930,0.36,0,0,Young Debt-Heavies,0.4226190476190476,2. Medium Risk
3000000,53,12065356,0.25,0,1,Efficient Middle-Income,0.0611111111111111,3. Low Risk
1000000,33,20846000,0.44,0,0,Young Debt-Heavies,0.2463768115942029,3. Low Risk
3500000,43,20658666,0.34,0,1,Efficient Middle-Income,0.0993788819875776,3. Low Risk
13500000,58,21853413,0.33,0,2,Affluent High-Leverage,0.0077519379844961,3. Low Risk
10500000,52,11425638,0.59,0,2,Affluent High-Leverage,0.0993788819875776,3. Low Risk
14000000,55,6918831,0.3,0,2,Affluent High-Leverage,0.0077519379844961,3. Low Risk
8000000,21,14572173,0.28,0,0,Young Debt-Heavies,0.2463768115942029,3. Low Risk
11500000,25,7754155,0.26,0,1,Efficient Middle-Income,0.2463768115942029,3. Low Risk
10000000,33,18962739,0.55,0,0,Young Debt-Heavies,0.0611111111111111,3. Low Risk
19000000,25,1734931,0.35,29,3,Critical Delinquents,0.0077519379844961,3. Low Risk
12500000,52,9157446,0.4,0,2,Affluent High-Leverage,0.0611111111111111,3. Low Risk
14000000,41,18965824,0.19,0,1,Efficient Middle-Income,0.303030303030303,2. Medium Risk
2500000,44,16224604,0.37,22,3,Critical Delinquents,0.4226190476190476,2. Medium Risk
10500000,38,13775654,0.24,0,1,Efficient Middle-Income,0.2463768115942029,3. Low Risk
9000000,41,2324881,0.47,0,0,Young Debt-Heavies,0.0077519379844961,3. Low Risk
3000000,30,23574439,0.52,0,0,Young Debt-Heavies,0.0611111111111111,3. Low Risk
14500000,44,14914845,0.46,0,2,Affluent High-Leverage,0.0993788819875776,3. Low Risk
9500000,41,27211189,0.47,0,2,Affluent High-Leverage,0.4226190476190476,2. Medium Risk
16500000,45,9385574,0.36,0,2,Affluent High-Leverage,0.2463768115942029,3. Low Risk
1000000,43,8074726,0.46,0,0,Young Debt-Heavies,0.0611111111111111,3. Low Risk
1500000,42,20898612,0.31,21,3,Critical Delinquents,0.0993788819875776,3. Low Risk
10500000,24,6056912,0.43,0,0,Young Debt-Heavies,0.0077519379844961,3. Low Risk
17500000,54,13615406,0.23,0,2,Affluent High-Leverage,0.4226190476190476,2. Medium Risk
20000000,26,23868851,0.13,0,1,Efficient Middle-Income,0.0611111111111111,3. Low Risk
1500000,48,6478092,0.31,0,1,Efficient Middle-Income,0.0993788819875776,3. Low Risk
12500000,51,21465067,0.33,0,2,Affluent High-Leverage,0.2463768115942029,3. Low Risk
19000000,55,24258281,0.23,0,2,Affluent High-Leverage,0.0611111111111111,3. Low Risk
10000000,59,26703585,0.46,0,2,Affluent High-Leverage,0.0611111111111111,3. Low Risk
17000000,43,12546707,0.14,0,1,Efficient Middle-Income,0.4226190476190476,2. Medium Risk
10500000,26,21364266,0.21,0,1,Efficient Middle-Income,0.4226190476190476,2. Medium Risk
11500000,36,12780843,0.47,0,0,Young Debt-Heavies,0.0993788819875776,3. Low Risk
3000000,22,4180941,0.32,0,0,Young Debt-Heavies,0.0993788819875776,3. Low Risk
6500000,44,16937267,0.45,0,2,Affluent High-Leverage,0.0993788819875776,3. Low Risk
11500000,37,23180346,0.38,0,0,Young Debt-Heavies,0.4226190476190476,2. Medium Risk
4500000,21,2602545,0.58,0,0,Young Debt-Heavies,0.0611111111111111,3. Low Risk
8500000,26,6911909,0.4,0,0,Young Debt-Heavies,0.4226190476190476,2. Medium Risk
1000000,25,9318775,0.11,0,1,Efficient Middle-Income,0.303030303030303,2. Medium Risk
9500000,49,22703968,0.28,0,2,Affluent High-Leverage,0.0611111111111111,3. Low Risk
9500000,32,7897116,0.17,0,1,Efficient Middle-Income,0.4226190476190476,2. Medium Risk
3500000,59,14895408,0.56,0,2,Affluent High-Leverage,0.0993788819875776,3. Low Risk
10000000,23,8634530,0.15,0,1,Efficient Middle-Income,0.0077519379844961,3. Low Risk
4500000,21,27273182,0.29,0,1,Efficient Middle-Income,0.0993788819875776,3. Low Risk
8500000,47,9374451,0.21,0,1,Efficient Middle-Income,0.0077519379844961,3. Low Risk
13500000,44,3838174,0.52,0,2,Affluent High-Leverage,0.5333333333333333,1. High Risk
1000000,39,9634448,0.25,0,1,Efficient Middle-Income,0.0993788819875776,3. Low Risk
18000000,28,24997366,0.6,0,0,Young Debt-Heavies,0.5333333333333333,1. High Risk
9500000,22,7893929,0.12,0,1,Efficient Middle-Income,0.0611111111111111,3. Low Risk
8500000,50,16842162,0.16,4,1,Efficient Middle-Income,0.4226190476190476,2. Medium Risk
2500000,50,15880562,0.21,0,1,Efficient Middle-Income,0.0611111111111111,3. Low Risk
19500000,59,1127023,0.51,0,2,Affluent High-Leverage,0.0993788819875776,3. Low Risk
9000000,52,5673758,0.54,0,2,Affluent High-Leverage,0.0993788819875776,3. Low Risk
3500000,21,24579655,0.14,0,1,Efficient Middle-Income,0.0611111111111111,3. Low Risk
8500000,58,13561069,0.12,0,1,Efficient Middle-Income,0.303030303030303,2. Medium Risk
19500000,33,23663388,0.47,0,0,Young Debt-Heavies,0.0611111111111111,3. Low Risk
18000000,31,7436283,0.17,0,1,Efficient Middle-Income,0.0611111111111111,3. Low Risk
20000000,30,6551566,0.17,0,1,Efficient Middle-Income,0.303030303030303,2. Medium Risk
2000000,46,3499466,0.11,0,1,Efficient Middle-Income,0.4226190476190476,2. Medium Risk
19000000,40,1519279,0.12,0,1,Efficient Middle-Income,0.0611111111111111,3. Low Risk
12500000,37,2058841,0.23,0,1,Efficient Middle-Income,0.4226190476190476,2. Medium Risk
2500000,37,10317528,0.13,0,1,Efficient Middle-Income,0.0611111111111111,3. Low Risk
15000000,24,12636370,0.28,0,0,Young Debt-Heavies,0.0077519379844961,3. Low Risk
6000000,25,24964489,0.52,0,0,Young Debt-Heavies,0.0993788819875776,3. Low Risk
2000000,43,16449440,0.26,0,1,Efficient Middle-Income,0.2463768115942029,3. Low Risk
12000000,30,24045276,0.46,0,0,Young Debt-Heavies,0.2463768115942029,3. Low Risk
14500000,48,7319263,0.15,0,1,Efficient Middle-Income,0.0077519379844961,3. Low Risk
4500000,53,20838650,0.43,0,2,Affluent High-Leverage,0.0611111111111111,3. Low Risk
2000000,46,9549230,0.26,0,1,Efficient Middle-Income,0.0611111111111111,3. Low Risk
12000000,49,17140230,0.47,0,2,Affluent High-Leverage,0.0611111111111111,3. Low Risk
7000000,47,27279759,0.17,0,1,Efficient Middle-Income,0.0611111111111111,3. Low Risk
2500000,38,13101262,0.55,0,0,Young Debt-Heavies,0.5333333333333333,1. High Risk
9000000,30,15929059,0.22,13,3,Critical Delinquents,0.0611111111111111,3. Low Risk
9500000,25,3222364,0.28,0,0,Young Debt-Heavies,0.2463768115942029,3. Low Risk
6000000,30,17599075,0.58,0,0,Young Debt-Heavies,0.0611111111111111,3. Low Risk
9000000,41,26217442,0.39,0,2,Affluent High-Leverage,0.0077519379844961,3. Low Risk
8500000,44,21798859,0.28,0,1,Efficient Middle-Income,0.0611111111111111,3. Low Risk
15000000,58,25545016,0.57,0,2,Affluent High-Leverage,0.5333333333333333,1. High Risk
12000000,23,9616915,0.26,0,1,Efficient Middle-Income,0.0993788819875776,3. Low Risk
5500000,51,9733616,0.15,0,1,Efficient Middle-Income,0.4226190476190476,2. Medium Risk
17500000,57,1746849,0.6,0,2,Affluent High-Leverage,0.0611111111111111,3. Low Risk
11500000,22,8769531,0.23,0,1,Efficient Middle-Income,0.0077519379844961,3. Low Risk
8500000,22,1999060,0.53,0,0,Young Debt-Heavies,0.0611111111111111,3. Low Risk
1000000,59,23403488,0.18,0,1,Efficient Middle-Income,0.2463768115942029,3. Low Risk
7500000,54,14495171,0.47,0,2,Affluent High-Leverage,0.0611111111111111,3. Low Risk
16000000,40,8041625,0.36,0,2,Affluent High-Leverage,0.0611111111111111,3. Low Risk
4500000,53,12255227,0.59,0,2,Affluent High-Leverage,0.0611111111111111,3. Low Risk
7500000,24,11575504,0.38,0,0,Young Debt-Heavies,0.2463768115942029,3. Low Risk
14000000,31,14377483,0.11,0,1,Efficient Middle-Income,0.4226190476190476,2. Medium Risk
12000000,25,1284226,0.4,0,0,Young Debt-Heavies,0.0611111111111111,3. Low Risk
17500000,45,8077359,0.17,0,1,Efficient Middle-Income,0.0611111111111111,3. Low Risk
11000000,57,9492359,0.5,3,2,Affluent High-Leverage,0.0611111111111111,3. Low Risk
13500000,54,5196648,0.53,13,3,Critical Delinquents,0.0611111111111111,3. Low Risk
9500000,29,19177848,0.34,0,0,Young Debt-Heavies,0.2463768115942029,3. Low Risk
6000000,26,3313760,0.49,0,0,Young Debt-Heavies,0.0993788819875776,3. Low Risk
10000000,38,12599024,0.17,17,3,Critical Delinquents,0.0611111111111111,3. Low Risk
1000000,34,22612411,0.35,0,0,Young Debt-Heavies,0.2463768115942029,3. Low Risk
10500000,39,7966100,0.3,0,1,Efficient Middle-Income,0.0993788819875776,3. Low Risk
1000000,34,16322928,0.41,0,0,Young Debt-Heavies,0.0993788819875776,3. Low Risk
5000000,37,27044485,0.12,0,1,Efficient Middle-Income,0.0077519379844961,3. Low Risk
16000000,55,5026491,0.48,0,2,Affluent High-Leverage,0.4226190476190476,2. Medium Risk
19500000,49,12520717,0.14,0,1,Efficient Middle-Income,0.0611111111111111,3. Low Risk
11000000,37,7912867,0.43,0,0,Young Debt-Heavies,0.4226190476190476,2. Medium Risk
9000000,28,16987240,0.11,0,1,Efficient Middle-Income,0.303030303030303,2. Medium Risk
16000000,21,19015779,0.52,0,0,Young Debt-Heavies,0.0611111111111111,3. Low Risk
13500000,56,20611936,0.19,0,2,Affluent High-Leverage,0.4226190476190476,2. Medium Risk
14000000,27,3228838,0.36,0,0,Young Debt-Heavies,0.4226190476190476,2. Medium Risk
9000000,25,13307466,0.23,0,1,Efficient Middle-Income,0.4226190476190476,2. Medium Risk
19500000,44,3187467,0.46,0,2,Affluent High-Leverage,0.4226190476190476,2. Medium Risk
14500000,48,11293096,0.26,0,2,Affluent High-Leverage,0.0993788819875776,3. Low Risk
9000000,37,15940533,0.46,0,0,Young Debt-Heavies,0.0077519379844961,3. Low Risk
4000000,57,12079408,0.24,0,2,Affluent High-Leverage,0.0611111111111111,3. Low Risk
15500000,40,20507973,0.48,0,2,Affluent High-Leverage,0.0611111111111111,3. Low Risk
17000000,23,12080383,0.12,0,1,Efficient Middle-Income,0.303030303030303,2. Medium Risk
3500000,57,25429739,0.24,0,2,Affluent High-Leverage,0.4226190476190476,2. Medium Risk
18000000,46,23770841,0.35,0,2,Affluent High-Leverage,0.4226190476190476,2. Medium Risk
9000000,35,17244725,0.12,0,1,Efficient Middle-Income,0.0611111111111111,3. Low Risk
19000000,28,3196224,0.19,0,1,Efficient Middle-Income,0.303030303030303,2. Medium Risk
4500000,33,22652203,0.57,0,0,Young Debt-Heavies,0.5333333333333333,1. High Risk
4500000,23,2961713,0.59,0,0,Young Debt-Heavies,0.0611111111111111,3. Low Risk
4000000,21,876618,0.47,0,0,Young Debt-Heavies,0.2463768115942029,3. Low Risk
17500000,29,19363934,0.23,0,1,Efficient Middle-Income,0.4226190476190476,2. Medium Risk
9000000,51,1245521,0.23,0,1,Efficient Middle-Income,0.0993788819875776,3. Low Risk
2500000,46,340212,0.42,20,3,Critical Delinquents,0.0993788819875776,3. Low Risk
7000000,37,8957739,0.16,0,1,Efficient Middle-Income,0.0611111111111111,3. Low Risk
14000000,54,813657,0.57,0,2,Affluent High-Leverage,0.0611111111111111,3. Low Risk
15000000,29,10386066,0.21,0,1,Efficient Middle-Income,0.4226190476190476,2. Medium Risk
2000000,33,7809184,0.6,0,0,Young Debt-Heavies,0.0611111111111111,3. Low Risk
19500000,25,16360459,0.35,0,0,Young Debt-Heavies,0.4226190476190476,2. Medium Risk
10000000,33,22379103,0.49,0,0,Young Debt-Heavies,0.0077519379844961,3. Low Risk
12500000,21,975093,0.1,0,1,Efficient Middle-Income,0.0611111111111111,3. Low Risk
14000000,45,3827513,0.54,0,2,Affluent High-Leverage,0.5333333333333333,1. High Risk
6000000,24,8297135,0.24,0,1,Efficient Middle-Income,0.0611111111111111,3. Low Risk
1000000,56,22141767,0.43,0,2,Affluent High-Leverage,0.0611111111111111,3. Low Risk
7000000,30,16935554,0.5,0,0,Young Debt-Heavies,0.0611111111111111,3. Low Risk
11000000,48,18949863,0.18,0,1,Efficient Middle-Income,0.0077519379844961,3. Low Risk
15500000,26,17439953,0.32,0,0,Young Debt-Heavies,0.4226190476190476,2. Medium Risk
11500000,47,12383500,0.35,0,2,Affluent High-Leverage,0.4226190476190476,2. Medium Risk
10000000,32,6706494,0.26,0,1,Efficient Middle-Income,0.0993788819875776,3. Low Risk
19000000,23,10130227,0.34,0,0,Young Debt-Heavies,0.0611111111111111,3. Low Risk
2000000,53,7693505,0.26,0,1,Efficient Middle-Income,0.4226190476190476,2. Medium Risk
7500000,30,21961579,0.28,0,1,Efficient Middle-Income,0.4226190476190476,2. Medium Risk
12000000,51,5705681,0.43,0,2,Affluent High-Leverage,0.4226190476190476,2. Medium Risk
12500000,35,6531403,0.42,0,0,Young Debt-Heavies,0.0611111111111111,3. Low Risk
1000000,27,1231030,0.22,0,1,Efficient Middle-Income,0.4226190476190476,2. Medium Risk
3500000,56,15627975,0.55,0,2,Affluent High-Leverage,0.0611111111111111,3. Low Risk
15500000,34,12379588,0.53,0,0,Young Debt-Heavies,0.0611111111111111,3. Low Risk
6000000,34,5804977,0.35,0,0,Young Debt-Heavies,0.0077519379844961,3. Low Risk
2500000,23,15316028,0.32,2,0,Young Debt-Heavies,0.0611111111111111,3. Low Risk
19000000,23,13641079,0.29,0,0,Young Debt-Heavies,0.0611111111111111,3. Low Risk
6000000,42,10054742,0.45,0,0,Young Debt-Heavies,0.0993788819875776,3. Low Risk
19500000,39,8066554,0.44,0,2,Affluent High-Leverage,0.4226190476190476,2. Medium Risk
9000000,55,15041284,0.2,0,1,Efficient Middle-Income,0.0077519379844961,3. Low Risk
1000000,32,11407579,0.44,0,0,Young Debt-Heavies,0.0611111111111111,3. Low Risk
5000000,25,19909153,0.23,0,1,Efficient Middle-Income,0.0993788819875776,3. Low Risk
7500000,30,23415059,0.11,0,1,Efficient Middle-Income,0.0611111111111111,3. Low Risk
15000000,53,24006775,0.45,0,2,Affluent High-Leverage,0.0611111111111111,3. Low Risk
8500000,33,21860392,0.42,0,0,Young Debt-Heavies,0.2463768115942029,3. Low Risk
2000000,55,21877591,0.31,0,2,Affluent High-Leverage,0.0611111111111111,3. Low Risk
3500000,52,18857961,0.36,0,2,Affluent High-Leverage,0.4226190476190476,2. Medium Risk
15500000,31,13629599,0.57,0,0,Young Debt-Heavies,0.0077519379844961,3. Low Risk
19500000,58,20900046,0.4,0,2,Affluent High-Leverage,0.0993788819875776,3. Low Risk
17000000,44,587139,0.43,0,2,Affluent High-Leverage,0.0993788819875776,3. Low Risk
3000000,55,27468584,0.13,0,1,Efficient Middle-Income,0.0077519379844961,3. Low Risk
19000000,39,9225836,0.18,0,1,Efficient Middle-Income,0.0611111111111111,3. Low Risk
17000000,26,14634705,0.25,0,1,Efficient Middle-Income,0.0993788819875776,3. Low Risk
7500000,55,10471805,0.37,0,2,Affluent High-Leverage,0.0611111111111111,3. Low Risk
7000000,24,7488476,0.49,0,0,Young Debt-Heavies,0.5333333333333333,1. High Risk
3000000,53,13854411,0.26,0,1,Efficient Middle-Income,0.0993788819875776,3. Low Risk
18500000,33,1115639,0.28,0,1,Efficient Middle-Income,0.0993788819875776,3. Low Risk
16000000,56,12216926,0.23,0,2,Affluent High-Leverage,0.0993788819875776,3. Low Risk
1500000,39,13810877,0.23,0,1,Efficient Middle-Income,0.0077519379844961,3. Low Risk
1500000,32,5309863,0.57,23,3,Critical Delinquents,0.0611111111111111,3. Low Risk
11000000,31,27515015,0.42,0,0,Young Debt-Heavies,0.4226190476190476,2. Medium Risk
11000000,26,18646455,0.18,6,1,Efficient Middle-Income,0.0611111111111111,3. Low Risk
5000000,32,26108086,0.46,0,0,Young Debt-Heavies,0.0611111111111111,3. Low Risk
1500000,47,11035925,0.46,0,2,Affluent High-Leverage,0.0611111111111111,3. Low Risk
6000000,45,21713947,0.43,0,2,Affluent High-Leverage,0.0611111111111111,3. Low Risk
14500000,23,13372113,0.17,0,1,Efficient Middle-Income,0.4226190476190476,2. Medium Risk
8500000,23,4272806,0.3,0,0,Young Debt-Heavies,0.0611111111111111,3. Low Risk
3500000,40,26213555,0.15,0,1,Efficient Middle-Income,0.2463768115942029,3. Low Risk
6500000,48,4255139,0.51,0,2,Affluent High-Leverage,0.0611111111111111,3. Low Risk
1000000,43,2739112,0.43,17,3,Critical Delinquents,0.0611111111111111,3. Low Risk
2000000,23,11960796,0.35,0,0,Young Debt-Heavies,0.4226190476190476,2. Medium Risk
5000000,44,18469048,0.27,0,1,Efficient Middle-Income,0.0611111111111111,3. Low Risk
19500000,26,2357991,0.19,0,1,Efficient Middle-Income,0.4226190476190476,2. Medium Risk
12000000,40,25185054,0.15,0,1,Efficient Middle-Income,0.2463768115942029,3. Low Risk
8500000,31,22489946,0.58,0,0,Young Debt-Heavies,0.0993788819875776,3. Low Risk
3000000,52,16543833,0.2,12,3,Critical Delinquents,0.4226190476190476,2. Medium Risk
9500000,47,19208003,0.13,0,1,Efficient Middle-Income,0.4226190476190476,2. Medium Risk
2500000,41,23214254,0.58,0,0,Young Debt-Heavies,0.0993788819875776,3. Low Risk
16000000,33,24141872,0.37,0,0,Young Debt-Heavies,0.0993788819875776,3. Low Risk
5000000,42,18137021,0.5,0,0,Young Debt-Heavies,0.5333333333333333,1. High Risk
4500000,55,18059009,0.12,0,1,Efficient Middle-Income,0.0611111111111111,3. Low Risk
13500000,42,4838236,0.38,0,2,Affluent High-Leverage,0.0077519379844961,3. Low Risk
6500000,48,6895347,0.3,1,2,Affluent High-Leverage,0.0611111111111111,3. Low Risk
9500000,41,16009390,0.49,0,0,Young Debt-Heavies,0.0611111111111111,3. Low Risk
10500000,38,11347093,0.12,0,1,Efficient Middle-Income,0.2463768115942029,3. Low Risk
12000000,51,16029846,0.3,0,2,Affluent High-Leverage,0.0993788819875776,3. Low Risk
19000000,57,18694838,0.5,0,2,Affluent High-Leverage,0.0993788819875776,3. Low Risk
2000000,41,21039629,0.36,15,3,Critical Delinquents,0.4226190476190476,2. Medium Risk
12000000,34,9637116,0.38,0,0,Young Debt-Heavies,0.0611111111111111,3. Low Risk
17500000,45,2064373,0.15,0,1,Efficient Middle-Income,0.303030303030303,2. Medium Risk
1500000,47,25470511,0.17,6,1,Efficient Middle-Income,0.4226190476190476,2. Medium Risk
2000000,43,477926,0.44,0,0,Young Debt-Heavies,0.0611111111111111,3. Low Risk
18500000,51,17297364,0.44,0,2,Affluent High-Leverage,0.2463768115942029,3. Low Risk
20000000,49,26346206,0.59,0,2,Affluent High-Leverage,0.5333333333333333,1. High Risk
17500000,50,8428620,0.46,0,2,Affluent High-Leverage,0.0611111111111111,3. Low Risk
15500000,46,23033804,0.35,0,2,Affluent High-Leverage,0.0993788819875776,3. Low Risk
12500000,40,25997320,0.53,0,0,Young Debt-Heavies,0.5333333333333333,1. High Risk
20000000,58,21327975,0.15,0,2,Affluent High-Leverage,0.4226190476190476,2. Medium Risk
6500000,39,15751248,0.32,0,1,Efficient Middle-Income,0.0077519379844961,3. Low Risk
2000000,47,6551405,0.24,0,1,Efficient Middle-Income,0.0611111111111111,3. Low Risk
7000000,45,6045019,0.15,0,1,Efficient Middle-Income,0.303030303030303,2. Medium Risk
6500000,58,7908929,0.48,0,2,Affluent High-Leverage,0.0611111111111111,3. Low Risk
13500000,43,23838181,0.36,0,2,Affluent High-Leverage,0.0611111111111111,3. Low Risk
3000000,49,8169678,0.38,0,2,Affluent High-Leverage,0.0077519379844961,3. Low Risk
8500000,35,21921360,0.31,0,1,Efficient Middle-Income,0.4226190476190476,2. Medium Risk
18000000,23,13752460,0.33,2,0,Young Debt-Heavies,0.0611111111111111,3. Low Risk
20000000,30,25885429,0.16,25,3,Critical Delinquents,0.0077519379844961,3. Low Risk
17500000,35,9673327,0.44,0,0,Young Debt-Heavies,0.0611111111111111,3. Low Risk
8500000,36,14312270,0.32,0,1,Efficient Middle-Income,0.4226190476190476,2. Medium Risk
1000000,37,19870132,0.51,0,0,Young Debt-Heavies,0.0993788819875776,3. Low Risk
6500000,39,11971983,0.2,0,1,Efficient Middle-Income,0.0611111111111111,3. Low Risk
1000000,31,12461266,0.2,0,1,Efficient Middle-Income,0.0993788819875776,3. Low Risk
14000000,25,20996035,0.42,0,0,Young Debt-Heavies,0.0611111111111111,3. Low Risk
13000000,25,9558049,0.52,0,0,Young Debt-Heavies,0.0993788819875776,3. Low Risk
11000000,34,5541497,0.34,0,0,Young Debt-Heavies,0.0611111111111111,3. Low Risk
1500000,46,5708704,0.46,0,2,Affluent High-Leverage,0.0611111111111111,3. Low Risk
17500000,28,24178874,0.6,0,0,Young Debt-Heavies,0.0993788819875776,3. Low Risk
6000000,25,7444493,0.6,0,0,Young Debt-Heavies,0.0611111111111111,3. Low Risk
12000000,27,23312169,0.47,5,0,Young Debt-Heavies,0.0611111111111111,3. Low Risk
